Cuisine,Review.link,Name,Coordinates_y,Coordinates_x,foodRating,serviceRating,atmosphereRating,priceRating
Indian,"https://www.google.com/maps/place/Little+India+Restaurant/@43.6501721,-79.3889085,17z/data=!4m8!3m7!1s0x882b34cfd3af958b:0x9b662eb4989bbb2b!8m2!3d43.6501721!4d-79.3889085!9m1!1b1!16s%2Fg%2F1tsbmrny?entry=ttu",Little India Restaurant,43.6502,-79.3889,Positive,Positive,Positive,2
Indian,"https://www.google.com/maps/place/Roti+Mahal+Indian+Cuisine+-+Best+Roti+In+Town/@43.6475548,-79.4056956,17z/data=!4m8!3m7!1s0x882b35a85a434265:0x97fb9bc827857c76!8m2!3d43.6475509!4d-79.4031207!9m1!1b1!16s%2Fg%2F11j9ktzcv1?entry=ttu",Roti Mahal Indian Cuisine - Best Roti In Town,43.6476,-79.4057,Positive,Positive,Neutral,1
Indian,"https://www.google.com/maps/place/My+Roti+Place%2FMy+Dosa+Place/@43.6486982,-79.3999208,17z/data=!4m8!3m7!1s0x882b35925d483525:0xc8ade67542d5139c!8m2!3d43.6486943!4d-79.3973459!9m1!1b1!16s%2Fg%2F11gh8g1c1f?entry=ttu",My Roti Place / My Dosa Place,43.6487,-79.3999,Positive,Positive,Positive,1
Indian,"https://www.google.com/maps/place/Baazigar-+Indian+Restaurant/@43.6535821,-79.4039326,17z/data=!4m8!3m7!1s0x882b35601f66a6f7:0xe4408501736a048a!8m2!3d43.6535782!4d-79.4013577!9m1!1b1!16s%2Fg%2F11y24kqs7k?entry=ttu",Baazigar- Indian Restaurant,43.6536,-79.4039,Positive,Positive,Positive,2
Indian,"https://www.google.com/maps/place/Maezo+%7C+Indian+Cuisine/@43.6546524,-79.3927135,17z/data=!4m8!3m7!1s0x882b34cd18eeeee7:0xd510cc557615467a!8m2!3d43.6546485!4d-79.3901386!9m1!1b1!16s%2Fg%2F1pyqgq_x7?entry=ttu",Maezo  Indian Cuisine,43.6547,-79.3927,Positive,Positive,Negative,0
Indian,"https://www.google.com/maps/place/Aanch/@43.6448245,-79.3933741,17z/data=!3m1!5s0x882b34d750106bf1:0x21f6c00c7e20fc6f!4m8!3m7!1s0x882b34d74f122cd3:0xd1f3b9656e4b3de!8m2!3d43.6448206!4d-79.3907992!9m1!1b1!16s%2Fg%2F11fz26pj88?entry=ttu",Aanch,43.6448,-79.3934,Positive,Positive,Positive,1
Indian,"https://www.google.com/maps/place/Bombay+Palace+Downtown+Toronto/@43.6511113,-79.3745989,17z/data=!4m8!3m7!1s0x89d4cb311bf9b41d:0x4a63ddb39d4e45b!8m2!3d43.6511074!4d-79.372024!9m1!1b1!16s%2Fg%2F1tgwt7gc?entry=ttu",Bombay Palace Downtown Toronto,43.6511,-79.3746,Positive,Positive,Positive,0
Indian,"https://www.google.com/maps/place/Sams+Indian+Kitchen/@43.6622914,-79.3610249,17z/data=!4m8!3m7!1s0x89d4cb7019e4a713:0xe7f7ca07a551f0dd!8m2!3d43.6622875!4d-79.35845!9m1!1b1!16s%2Fg%2F11jvlzrj_g?entry=ttu",Sams Indian Kitchen,43.6623,-79.361,Positive,Positive,Neutral,0
Indian,"https://www.google.com/maps/place/Kothur+Indian+Cuisine/@43.6678928,-79.3882416,17z/data=!4m8!3m7!1s0x882b34b205ca48af:0xca7d7e204ce3205b!8m2!3d43.6678889!4d-79.3856667!9m1!1b1!16s%2Fg%2F1w34777_?entry=ttu",Kothur Indian Cuisine,43.6679,-79.3882,Positive,Positive,Neutral,0
Indian,"https://www.google.com/maps/place/Maja+Indian+Cuisine/@43.671806,-79.3812813,17z/data=!3m1!5s0x882ba748141a082b:0x8bf1a6152dd93957!4m8!3m7!1s0x89d4cb536dcda507:0x56f6037b94737ea6!8m2!3d43.6718021!4d-79.3787064!9m1!1b1!16s%2Fg%2F11bw44kmfw?entry=ttu",Maja Indian Cuisine,43.6718,-79.3813,Positive,Positive,Positive,2
Indian,"https://www.google.com/maps/place/Butter+Chicken+Factory/@43.6672629,-79.3719879,17z/data=!4m8!3m7!1s0x89d4cb50007dd733:0xda0e903fc2ec4f39!8m2!3d43.667259!4d-79.369413!9m1!1b1!16s%2Fg%2F1tfv_3ws?entry=ttu",Butter Chicken Factory,43.6673,-79.372,Positive,Positive,Positive,0
Indian,"https://www.google.com/maps/place/Matha+Roti+-+Indian+Cuisine/@43.6621111,-79.4088829,17z/data=!4m8!3m7!1s0x882b352980d3c20b:0xf05e999a13d5e203!8m2!3d43.6621072!4d-79.406308!9m1!1b1!16s%2Fg%2F11gxt8q8qb?entry=ttu",Matha Roti - Indian Cuisine,43.6621,-79.4089,Positive,Positive,Negative,0
Indian,"https://www.google.com/maps/place/T.O.%E2%80%99s+Kathi+Roll+Eatery+Toronto/@43.6483841,-79.4014374,17z/data=!3m1!5s0x882b34dc81be5b9d:0xe422ad1cc19473e7!4m12!1m2!2m1!1sindian+restaurant!3m8!1s0x882b35e91ed4d417:0xb669ce0402f3c330!8m2!3d43.6483841!4d-79.3973351!9m1!1b1!15sChFpbmRpYW4gcmVzdGF1cmFudFoTIhFpbmRpYW4gcmVzdGF1cmFudJIBEWluZGlhbl9yZXN0YXVyYW50mgEkQ2hkRFNVaE5NRzluUzBWSlEwRm5TVU5TZVZsdGF6aFJSUkFC4AEA!16s%2Fg%2F11rk0sg3h0?entry=ttu",Kathi Roll Eatery Toronto,43.6484,-79.4014,Positive,Positive,Neutral,2
Indian,"https://www.google.com/maps/place/KHAZANA+Toronto+-+by+Chef+Sanjeev+Kapoor/@43.6552067,-79.3981156,15z/data=!4m12!1m2!2m1!1sindian+restaurant!3m8!1s0x89d4cb13d0c34ddf:0x280d127a0eb0c05!8m2!3d43.6552067!4d-79.3800906!9m1!1b1!15sChFpbmRpYW4gcmVzdGF1cmFudFoTIhFpbmRpYW4gcmVzdGF1cmFudJIBEWluZGlhbl9yZXN0YXVyYW50mgEjQ2haRFNVaE5NRzluUzBWSlEwRm5TVU4wYTBwTFYyTm5FQUXgAQA!16s%2Fg%2F11rxwfrjwb?entry=ttu",KHAZANA Toronto - by Chef Sanjeev Kapoor,43.6552,-79.3981,Positive,Positive,Positive,2
Indian,"https://www.google.com/maps/place/Oh+Bombay+-+Downtown+Toronto/@43.6552067,-79.3981156,15z/data=!4m12!1m2!2m1!1sindian+restaurant!3m8!1s0x882b3551cc16a2ff:0xe337d21b574d5632!8m2!3d43.6617873!4d-79.3842365!9m1!1b1!15sChFpbmRpYW4gcmVzdGF1cmFudFoTIhFpbmRpYW4gcmVzdGF1cmFudJIBEWluZGlhbl9yZXN0YXVyYW50mgEjQ2haRFNVaE5NRzluUzBWSlEwRm5TVU5DT1hOTVowZDNFQUXgAQA!16s%2Fg%2F11tk2k5jz1?entry=ttu",Oh Bombay - Downtown Toronto,43.6552,-79.3981,Positive,Positive,Neutral,1
Indian,"https://www.google.com/maps/place/Masala+Guys/@43.6574635,-79.3939698,14z/data=!3m1!5s0x89d4cb4764d1e32b:0x560a89ecb99d830c!4m12!1m2!2m1!1sindian+restaurant!3m8!1s0x882b35a71ab969d3:0x6a3d412c76b6b161!8m2!3d43.6574646!4d-79.3653564!9m1!1b1!15sChFpbmRpYW4gcmVzdGF1cmFudFoTIhFpbmRpYW4gcmVzdGF1cmFudJIBEWluZGlhbl9yZXN0YXVyYW50mgEkQ2hkRFNVaE5NRzluUzBWSlEwRm5TVVEyYVZrM00zTm5SUkFC4AEA!16s%2Fg%2F11fqc70gjk?entry=ttu",Masala Guys,43.6575,-79.394,Positive,Positive,Positive,1
Pakistani,"https://www.google.com/maps/place/Nihari+Inn+Downtown+Toronto+Halal+Pakistani+Restaurant/@43.6444895,-79.4037686,17z/data=!3m1!5s0x89d4cb34e16868e3:0xe14d42bee1bdaa58!4m8!3m7!1s0x882b35596823abd9:0x981c9d067b10bb47!8m2!3d43.6444895!4d-79.4011937!9m1!1b1!16s%2Fg%2F11v0s8jxpj?entry=ttu",Nihari Inn Downtown Toronto Halal Pakistani Restaurant,43.6445,-79.4038,Neutral,Negative,Neutral,0
Pakistani,"https://www.google.com/maps/place/Chachu's/@43.6571988,-79.3809181,17z/data=!4m8!3m7!1s0x89d4cb320de350eb:0x45fdfdeeb6fb62df!8m2!3d43.6571988!4d-79.3783432!9m1!1b1!16s%2Fg%2F11t7z6hqt5?entry=ttu",Chachu's,43.6572,-79.3809,Positive,Positive,Positive,0
Pakistani,"https://www.google.com/maps/place/Sizzler+Kabab/@43.656276,-79.4016819,17z/data=!4m8!3m7!1s0x882b34c16fadf1ed:0x5861a14f8c4611ab!8m2!3d43.656276!4d-79.399107!9m1!1b1!16s%2Fg%2F1q5ccfwr2?entry=ttu",Sizzler Kabab,43.6563,-79.4017,Positive,Positive,Negative,0
Pakistani,"https://www.google.com/maps/place/Hyderabad+Express/@43.6574646,-79.3679313,17z/data=!3m1!5s0x89d4cb4764d1e32b:0x560a89ecb99d830c!4m8!3m7!1s0x89d4cb0d04daa097:0x34045bd78e571d66!8m2!3d43.6574646!4d-79.3653564!9m1!1b1!16s%2Fg%2F11tggp796n?entry=ttu",Hyderabad Express,43.6575,-79.3679,Positive,Positive,Positive,0
Pakistani,"https://www.google.com/maps/place/Karahi+Boys/@43.646351,-79.4095169,17z/data=!4m8!3m7!1s0x882b354c8d1e9477:0x2b1f4e65ca63de0a!8m2!3d43.646351!4d-79.4069366!9m1!1b1!16s%2Fg%2F11qpkygpn5?entry=ttu",Karahi Boys,43.6464,-79.4095,Positive,Positive,Positive,1
Portuguese,"https://www.google.com/maps/place/Amadeu's+Restaurant/@43.6539988,-79.404556,17z/data=!4m8!3m7!1s0x882b34c26f69bd83:0xeec90b93454eeb9e!8m2!3d43.6539988!4d-79.4019757!9m1!1b1!16s%2Fg%2F1tdzgmr0?entry=ttu",Amadeu's Restaurant,43.654,-79.4046,Positive,Positive,Positive,0
Portuguese,"https://www.google.com/maps/place/Adega+Restaurante/@43.6574337,-79.3858469,17z/data=!4m8!3m7!1s0x882b34ca5faee159:0x9767364296f32ad0!8m2!3d43.6574337!4d-79.3832666!9m1!1b1!16s%2Fm%2F052689l?entry=ttu",Adega Restaurante,43.6574,-79.3858,Positive,Positive,Positive,2
Portuguese,"https://www.google.com/maps/place/Perla+Restaurant/@43.6555267,-79.4141312,17z/data=!4m8!3m7!1s0x882b34ee60ebc9e1:0x8c7c959f0bd37007!8m2!3d43.6555267!4d-79.4115509!9m1!1b1!16s%2Fg%2F1td4vxld?entry=ttu",Perla Restaurant,43.6555,-79.4141,Positive,Positive,Positive,1
Japanese,"https://www.google.com/maps/place/Gyuki/@43.6487891,-79.3994538,17z/data=!4m8!3m7!1s0x882b358b0e4d1fa5:0xe23fdb4f747de664!8m2!3d43.6487891!4d-79.3968735!9m1!1b1!16s%2Fg%2F11txpdwr8y?entry=ttu",Gyuki,43.6488,-79.3995,Positive,Positive,Negative,0
Japanese,"https://www.google.com/maps/place/Miku+Toronto/@43.6411481,-79.3801139,17z/data=!3m1!5s0x882b38045f838361:0xf7990777bd48b6b2!4m8!3m7!1s0x89d4cb2a5661156d:0xa58893d17557ef2a!8m2!3d43.6411481!4d-79.3775336!9m1!1b1!16s%2Fg%2F11cktgrp8g?entry=ttu",Miku Toronto,43.6411,-79.3801,Positive,Positive,Neutral,0
Japanese,"https://www.google.com/maps/place/Flame+sushi/@43.650538,-79.3916453,17z/data=!4m8!3m7!1s0x882b359f2a8d3a5d:0x4a92e0d3317972ed!8m2!3d43.650538!4d-79.389065!9m1!1b1!16s%2Fg%2F11ll897x0_?entry=ttu",Flame sushi,43.6505,-79.3916,Positive,Positive,Neutral,1
Japanese,"https://www.google.com/maps/place/Aburi+Hana/@43.6710006,-79.3951764,17z/data=!4m8!3m7!1s0x882b35c7d95e9111:0x5cd0fc7e649b94e5!8m2!3d43.6710006!4d-79.3925961!9m1!1b1!16s%2Fg%2F11h8b56tmw?entry=ttu",Aburi Hana,43.671,-79.3952,Positive,Positive,Positive,1
Japanese,"https://www.google.com/maps/place/Tempura+Keisuke/@43.6502911,-79.386532,17z/data=!4m8!3m7!1s0x882b355087ff12d1:0x7272dd24f5fa67d1!8m2!3d43.6502911!4d-79.3839517!9m1!1b1!16s%2Fg%2F11s65h8f0c?entry=ttu",Tempura Keisuke,43.6503,-79.3865,Positive,Positive,Negative,0
Japanese,"https://www.google.com/maps/place/You+Don+Ya/@43.6557884,-79.3867741,17z/data=!3m1!5s0x882b34cbc6d5eba1:0xdde70937c74b57f9!4m8!3m7!1s0x882b351f49ee4881:0xaa515b8d63bc20c6!8m2!3d43.6557884!4d-79.3841938!9m1!1b1!16s%2Fg%2F11gxm9wyhm?entry=ttu",You Don Ya,43.6558,-79.3868,Positive,Positive,Neutral,1
Japanese,"https://www.google.com/maps/place/ramen+RAIJIN/@43.6651063,-79.3886178,17z/data=!4m8!3m7!1s0x882b34b3e03cb3e1:0x325dbee57d4a9f4f!8m2!3d43.6651063!4d-79.3860375!9m1!1b1!16s%2Fg%2F11dxmqzb_8?entry=ttu",ramen RAIJIN,43.6651,-79.3886,Positive,Positive,Positive,1
Japanese,"https://www.google.com/maps/place/KINTON+RAMEN/@43.6604178,-79.3815165,17z/data=!4m8!3m7!1s0x89d4cb4ae09daa61:0x451c63775056dcda!8m2!3d43.6604178!4d-79.3789362!9m1!1b1!16s%2Fg%2F11bwn3fh1f?entry=ttu",KINTON RAMEN,43.6604,-79.3815,Positive,Positive,Neutral,1
Japanese,"https://www.google.com/maps/place/BOKU+Japanese+Eats+%2B+Drinks+(Distillery+District)/@43.6500832,-79.3627543,17z/data=!4m8!3m7!1s0x89d4cb3700682fb9:0x83ab2b81b063caf8!8m2!3d43.6500832!4d-79.360174!9m1!1b1!16s%2Fg%2F11b6nkhvpp?entry=ttu",BOKU Japanese Eats + Drinks (Distillery District),43.6501,-79.3628,Positive,Positive,Positive,2
Japanese,"https://www.google.com/maps/place/Sushi+Maido/@43.6664266,-79.4083852,17z/data=!4m8!3m7!1s0x882b3496638fb4b1:0xc0dd4cb184a5c25c!8m2!3d43.6664266!4d-79.4058049!9m1!1b1!16s%2Fg%2F1tfhh0sz?entry=ttu",Sushi Maido,43.6664,-79.4084,Positive,Positive,Neutral,0
Japanese,"https://www.google.com/maps/place/Yuzuki+Japanese+Restaurant/@43.6710546,-79.3865341,17z/data=!4m8!3m7!1s0x882b35b21ce9f033:0x10489ee0d24cafb8!8m2!3d43.6710546!4d-79.3839538!9m1!1b1!16s%2Fg%2F11knrkymhb?entry=ttu",Yuzuki Japanese Restaurant,43.6711,-79.3865,Positive,Positive,Neutral,1
Japanese,"https://www.google.com/maps/place/Gushi+Japanese+Street+Food+(Gerrard+E+x+Parliament)/@43.6624142,-79.3699274,17z/data=!4m8!3m7!1s0x89d4cb50e0aa97c5:0xe4a95eb0283f5fc6!8m2!3d43.6624142!4d-79.3673471!9m1!1b1!16s%2Fg%2F11h6c9rwc7?entry=ttu",Gushi Japanese Street Food (Gerrard E x Parliament),43.6624,-79.3699,Positive,Positive,Neutral,0
Japanese,"https://www.google.com/maps/place/Ju+Sushi+%26+Bar/@43.6586827,-79.3707946,17z/data=!4m8!3m7!1s0x89d4cb12b72efc57:0x6a72e28c9eb2f714!8m2!3d43.6586827!4d-79.3682143!9m1!1b1!16s%2Fg%2F11t2_g43dv?entry=ttu",Ju Sushi and Bar,43.6587,-79.3708,Positive,Positive,Positive,1
Japanese,"https://www.google.com/maps/place/Yasu+Toronto/@43.6627345,-79.4057598,17z/data=!4m8!3m7!1s0x882b34957fa8ede1:0x224336b4cf370775!8m2!3d43.6627345!4d-79.4031795!9m1!1b1!16s%2Fg%2F1q62dgj43?entry=ttu",Yasu Toronto,43.6627,-79.4058,Positive,Positive,Positive,3
Japanese,"https://www.google.com/maps/place/Akira+Back/@43.6451853,-79.3948063,17z/data=!3m1!5s0x882b34d9f7ef635d:0x609b3233e6d81290!4m8!3m7!1s0x882b34d9f84e3e6b:0x9515496abd64cbfa!8m2!3d43.6451853!4d-79.392226!9m1!1b1!16s%2Fg%2F11h9wkf6xx?entry=ttu",Akira Back,43.6452,-79.3948,Positive,Positive,Positive,2
Japanese,"https://www.google.com/maps/place/Touhenboku+Ramen/@43.6502028,-79.3916884,17z/data=!4m8!3m7!1s0x882b34cfd179ac21:0x3d6a78f5c3fb147f!8m2!3d43.6502028!4d-79.3891081!9m1!1b1!16s%2Fg%2F11b6qqqf2_?entry=ttu",Touhenboku Ramen,43.6502,-79.3917,Positive,Positive,Neutral,0
Thai,"https://www.google.com/maps/place/Khao+San+Road/@43.6463952,-79.3961854,17z/data=!4m8!3m7!1s0x882b34da7dad8cb1:0x84a49d999dbfe4ca!8m2!3d43.6463952!4d-79.3936158!9m1!1b1!16s%2Fg%2F1thxlps9?entry=ttu",Khao San Road,43.6464,-79.3962,Positive,Positive,Positive,1
Thai,"https://www.google.com/maps/place/PAI/@43.6478528,-79.3913099,17z/data=!4m8!3m7!1s0x882b34d9289991d5:0x5f596deace8d8b6a!8m2!3d43.6478528!4d-79.3887403!9m1!1b1!16s%2Fg%2F11b6dv0rlh?entry=ttu",PAI,43.6479,-79.3913,Positive,Positive,Positive,3
Thai,"https://www.google.com/maps/place/Koh+Lipe+Thai+Kitchen/@43.6558307,-79.3959999,17z/data=!4m18!1m9!3m8!1s0x882b35f0470e1121:0x141cb88c6f2ec1b0!2sKoh+Lipe+Thai+Kitchen!8m2!3d43.6558307!4d-79.3934303!9m1!1b1!16s%2Fg%2F11g4cjc0_5!3m7!1s0x882b35f0470e1121:0x141cb88c6f2ec1b0!8m2!3d43.6558307!4d-79.3934303!9m1!1b1!16s%2Fg%2F11g4cjc0_5?entry=ttu",Koh Lipe Thai Kitchen,43.6558,-79.396,Positive,Neutral,Positive,1
Thai,"https://www.google.com/maps/place/Thai+Country+Kitchen/@43.6561819,-79.4021792,17z/data=!4m8!3m7!1s0x882b34c1709563df:0xf024a7f07a2c2dc8!8m2!3d43.6561819!4d-79.3996096!9m1!1b1!16s%2Fg%2F1thz28vk?entry=ttu",Thai Country Kitchen,43.6562,-79.4022,Positive,Positive,Positive,0
Thai,"https://www.google.com/maps/place/SukhoTHAI+(Wellington)/@43.6485556,-79.3772335,17z/data=!4m8!3m7!1s0x89d4cb31ffed5941:0x5705156a5bfe8275!8m2!3d43.6485556!4d-79.3746639!9m1!1b1!16s%2Fg%2F1pp2vm886?entry=ttu",SukhoTHAI (Wellington),43.6486,-79.3772,Positive,Positive,Positive,0
Thai,"https://www.google.com/maps/place/Evergreen+Thai+Kitchen+and+Bar/@43.6550417,-79.3889177,17z/data=!4m8!3m7!1s0x882b34c95bdaf383:0xc31d09995345ffde!8m2!3d43.6550417!4d-79.3863481!9m1!1b1!16s%2Fg%2F1tdh4hj6?entry=ttu",Evergreen Thai Kitchen and Bar,43.655,-79.3889,Positive,Positive,Neutral,2
Thai,"https://www.google.com/maps/place/Urban+Thai/@43.6624707,-79.3695887,17z/data=!4m8!3m7!1s0x89d4cb45da9a6ed3:0x4289fb92b2c35478!8m2!3d43.6624707!4d-79.3670191!9m1!1b1!16s%2Fg%2F11gf8hx402?entry=ttu",Urban Thai,43.6625,-79.3696,Positive,Positive,Negative,0
Thai,"https://www.google.com/maps/place/Maya+Bay+Thai/@43.6643455,-79.370744,17z/data=!4m8!3m7!1s0x89d4cb17ed51a82d:0x76228cb24c376490!8m2!3d43.6643455!4d-79.3681744!9m1!1b1!16s%2Fg%2F11fvswcj9k?entry=ttu",Maya Bay Thai,43.6643,-79.3707,Positive,Positive,Positive,2
Thai,"https://www.google.com/maps/place/Mengrai+Thai/@43.6541134,-79.3694965,17z/data=!4m8!3m7!1s0x89d4cb39ba35f65f:0x3a3a6bc7adf0d42!8m2!3d43.6541134!4d-79.3669269!9m1!1b1!16s%2Fm%2F052m49h?entry=ttu",Mengrai Thai,43.6541,-79.3695,Positive,Positive,Positive,1
Thai,"https://www.google.com/maps/place/EAT+BKK+Thai+Bar+%26+Restaurant+(Annex)/@43.6655005,-79.4113911,17z/data=!4m8!3m7!1s0x882b356aa1dbe477:0x5cc00084a8e1757b!8m2!3d43.6655005!4d-79.4088215!9m1!1b1!16s%2Fg%2F11h6lrt3dq?entry=ttu",EAT BKK Thai Bar and Restaurant (Annex),43.6655,-79.4114,Positive,Positive,Positive,2
Thai,"https://www.google.com/maps/place/Si+Lom+Thai+Bistro+(%E0%B8%A3%E0%B9%89%E0%B8%B2%E0%B8%99%E0%B8%AA%E0%B8%B5%E0%B8%A5%E0%B8%A1+%E0%B9%82%E0%B8%95%E0%B8%A3%E0%B8%AD%E0%B8%99%E0%B9%82%E0%B8%95%E0%B9%89)/@43.6650167,-79.3833986,17z/data=!4m8!3m7!1s0x882b34b331c4b9bf:0x8f04eee32294b1a3!8m2!3d43.6650167!4d-79.380829!9m1!1b1!16s%2Fg%2F11g7yy28z3?entry=ttu",Si Lom Thai Bistro ,43.665,-79.3834,Positive,Positive,Positive,0
Filipino,"https://www.google.com/maps/place/Tagpuan+(Kensington)/@43.6573602,-79.4050418,17z/data=!4m8!3m7!1s0x882b35e0011ac4a1:0x3d85657df5173123!8m2!3d43.6573602!4d-79.4050418!9m1!1b1!16s%2Fg%2F11vpy53bdn?entry=ttu",Tagpuan (Kensington),43.6574,-79.405,Positive,Positive,Positive,1
Filipino,"https://www.google.com/maps/place/Kanto+by+Tita+Flips/@43.6519202,-79.4047354,17z/data=!4m8!3m7!1s0x882b34e80b0c5d21:0x4bd16db0e92feaeb!8m2!3d43.6519202!4d-79.4047354!9m1!1b1!16s%2Fg%2F1tdx9b54?entry=ttu",Kanto by Tita Flips,43.6519,-79.4047,Positive,Positive,Negative,0
Filipino,"https://www.google.com/maps/place/Eats+Manila/@43.6538431,-79.3909859,17z/data=!3m1!5s0x882b34ceb1405ea9:0x79ced3f997356ff2!4m8!3m7!1s0x882b352baafc1ec5:0x80c78e3049e7004c!8m2!3d43.6538431!4d-79.3909859!9m1!1b1!16s%2Fg%2F11l5jvm1gq?entry=ttu",Eats Manila,43.6538,-79.391,Positive,Positive,Positive,0
Filipino,"https://www.google.com/maps/place/Jollibee/@43.6574517,-79.3841761,17z/data=!4m8!3m7!1s0x882b3574ffeaf869:0xcd9e24a305166f65!8m2!3d43.6574517!4d-79.3815958!9m1!1b1!16s%2Fg%2F11lgs7sslz?entry=ttu",Jollibee,43.6575,-79.3842,Positive,Positive,Neutral,0
Filipino,"https://www.google.com/maps/place/Tinuno/@43.668855,-79.3825785,15.08z/data=!4m8!3m7!1s0x89d4cbc79d19583b:0x1272e20227c3b848!8m2!3d43.6711355!4d-79.3748685!9m1!1b1!16s%2Fg%2F11kc8g22bv?entry=ttu",Tinuno,43.6689,-79.3826,Positive,Negative,Neutral,1
Filipino,"https://www.google.com/maps/place/tala/@43.671131,-79.377447,17z/data=!4m8!3m7!1s0x882b353b3a039edd:0xbb1d723104ef9a0c!8m2!3d43.671131!4d-79.3748667!9m1!1b1!16s%2Fg%2F11j5mfb2xp?entry=ttu",tala,43.6711,-79.3774,Positive,Positive,Neutral,0
Filipino,"https://www.google.com/maps/place/Manila+Sentro+Filipino+Cuisine+Takeout+%26+Catering/@43.6711419,-79.3775247,17z/data=!4m8!3m7!1s0x89d4cb8822a04091:0xc0c6c90a1cc37f49!8m2!3d43.6711419!4d-79.3749444!9m1!1b1!16s%2Fg%2F11jgtd61zf?entry=ttu",Manila Sentro Filipino Cuisine Takeout %26 Catering,43.6711,-79.3775,Positive,Positive,Neutral,1
Filipino,"https://www.google.com/maps/place/Mother+Tongue/@43.6473654,-79.3958786,17z/data=!4m8!3m7!1s0x882b3506c53a17ef:0x4ac1249b5a711f25!8m2!3d43.6473654!4d-79.3932983!9m1!1b1!16s%2Fg%2F11g4jnv175?entry=ttu",Mother Tongue,43.6474,-79.3959,Positive,Positive,Positive,3
Italian ,"https://www.google.com/maps/place/Fusaro's+Italian+Kitchen/@43.6482101,-79.3984373,17z/data=!4m8!3m7!1s0x882b34db9f9b5b1b:0x9bd745b2161f5026!8m2!3d43.6482062!4d-79.3958624!9m1!1b1!16s%2Fg%2F1vg_dh9x?entry=ttu",Fusaro's Italian Kitchen,43.6482,-79.3984,Positive,Positive,Positive,1
Italian ,"https://www.google.com/maps/place/Vagabondo+Restobar/@43.6439731,-79.3902338,17z/data=!4m18!1m9!3m8!1s0x882b35d5e4eaab8d:0x9b2b06deae516c38!2sVagabondo+Restobar!8m2!3d43.6439731!4d-79.3902338!9m1!1b1!16s%2Fg%2F11h5n1wlk4!3m7!1s0x882b35d5e4eaab8d:0x9b2b06deae516c38!8m2!3d43.6439731!4d-79.3902338!9m1!1b1!16s%2Fg%2F11h5n1wlk4?authuser=0&hl=en&entry=ttu",Vagabondo Restobar,43.644,-79.3902,Positive,Positive,Positive,1
Italian ,"https://www.google.com/maps/place/Gusto+101/@43.6451811,-79.4001151,17z/data=!4m8!3m7!1s0x882b34de5fd09f9b:0xede9f116f39d376!8m2!3d43.6451811!4d-79.4001151!9m1!1b1!16s%2Fg%2F1hc2n8zdk?authuser=0&hl=en&entry=ttu",Gusto 101,43.6452,-79.4001,Positive,Neutral,Positive,3
Italian ,"https://www.google.com/maps/place/Tutti+Matti/@43.6471913,-79.3939731,17z/data=!3m1!5s0x882b34d1aa0dc619:0xf2247ae07411241d!4m8!3m7!1s0x882b34da4e7c1bb7:0x3362e97f1136f772!8m2!3d43.6471913!4d-79.3939731!9m1!1b1!16s%2Fg%2F1tmxrnd_?authuser=0&hl=en&entry=ttu",Tutti Matti,43.6472,-79.394,Positive,Positive,Neutral,0
Italian ,"https://www.google.com/maps/place/Carisma/@43.6503233,-79.3759151,17z/data=!3m1!5s0x89d4cb30c4e84da3:0xa4dbac6b28550478!4m8!3m7!1s0x89d4cb3218246051:0x53a9248d6c884fd6!8m2!3d43.6503233!4d-79.3759151!9m1!1b1!16s%2Fg%2F1tf71y1x?authuser=0&hl=en&entry=ttu",Carisma,43.6503,-79.3759,Positive,Positive,Positive,1
Italian ,"https://www.google.com/maps/place/Trattoria+Mercatto/@43.6544528,-79.3811917,17z/data=!3m1!5s0x882b34cb605da33d:0xb43516d784f12814!4m8!3m7!1s0x89d4cb34ab17bdcb:0x92dd1210ee31166c!8m2!3d43.6544528!4d-79.3811917!9m1!1b1!16s%2Fg%2F1hc1d071z?authuser=0&hl=en&entry=ttu",Trattoria Mercatto,43.6545,-79.3812,Positive,Positive,Neutral,1
Italian ,"https://www.google.com/maps/place/Amano+Italian+Kitchen/@43.6450963,-79.3817663,17z/data=!3m1!5s0x89d4cb2cad63ed4f:0x68c2d70b99c27698!4m8!3m7!1s0x882b34d34adb772b:0x8cd6213af09e4f84!8m2!3d43.6450963!4d-79.3817663!9m1!1b1!16s%2Fg%2F11f2w5yz6w?authuser=0&hl=en&entry=ttu",Amano Italian Kitchen,43.6451,-79.3818,Positive,Positive,Positive,0
Italian ,"https://www.google.com/maps/place/The+Old+Spaghetti+Factory/@43.6469889,-79.3743444,17z/data=!4m18!1m9!3m8!1s0x89d4cb2e7151f50f:0x9d5efffd9c675954!2sThe+Old+Spaghetti+Factory!8m2!3d43.6469889!4d-79.3743444!9m1!1b1!16s%2Fg%2F1tdchbtr!3m7!1s0x89d4cb2e7151f50f:0x9d5efffd9c675954!8m2!3d43.6469889!4d-79.3743444!9m1!1b1!16s%2Fg%2F1tdchbtr?authuser=0&hl=en&entry=ttu",The Old Spaghetti Factory,43.647,-79.3743,Positive,Positive,Positive,2
Italian ,"https://www.google.com/maps/place/Fresca+Pizza+and+Pasta/@43.6578177,-79.4017248,17z/data=!4m8!3m7!1s0x882b34c1c936eb4d:0x7b7ce3dd6b266766!8m2!3d43.6578177!4d-79.4017248!9m1!1b1!16s%2Fg%2F1hc371vyh?authuser=0&hl=en&entry=ttu",Fresca Pizza and Pasta,43.6578,-79.4017,Positive,Positive,Positive,0
Italian ,"https://www.google.com/maps/place/Rasta+Pasta/@43.6543027,-79.4004204,17z/data=!4m8!3m7!1s0x882b34c2494fda91:0xbe4f88db276d22ad!8m2!3d43.6543027!4d-79.4004204!9m1!1b1!16s%2Fg%2F1pyqf9z1s?authuser=0&hl=en&entry=ttu",Rasta Pasta,43.6543,-79.4004,Positive,Positive,Negative,0
Italian ,"https://www.google.com/maps/place/Eataly+Toronto/@43.6695423,-79.3912256,17z/data=!3m1!5s0x882b34afdb364975:0x454658156fbd422b!4m8!3m7!1s0x882b35ef7af63de3:0xf9d2070ac0c71958!8m2!3d43.6695384!4d-79.3886507!9m1!1b1!16s%2Fg%2F11h5ffz35_?entry=ttu",Eataly Toronto,43.6695,-79.3912,Positive,Positive,Neutral,0
Italian ,"https://www.google.com/maps/place/Don+Alfonso+1890/@43.6409746,-79.4010942,14z/data=!3m1!5s0x89d4cb2a48fc0b9d:0x72f06fc553c30906!4m12!1m2!2m1!1sitalian+restaurants+downtown+toronto!3m8!1s0x89d4cb645fb749cd:0xb50b4e8965e2430e!8m2!3d43.640974!4d-79.375602!9m1!1b1!15sCiRpdGFsaWFuIHJlc3RhdXJhbnRzIGRvd250b3duIHRvcm9udG9aJiIkaXRhbGlhbiByZXN0YXVyYW50cyBkb3dudG93biB0b3JvbnRvkgESaXRhbGlhbl9yZXN0YXVyYW50mgEkQ2hkRFNVaE5NRzluUzBWSlEwRm5TVVJOYTB3dFR6Um5SUkFC4AEA!16s%2Fg%2F11g0tk0tpb?entry=ttu",Don Alfonso 1890,43.641,-79.4011,Positive,Positive,Positive,3
Italian ,"https://www.google.com/maps/place/Piano+Piano+Restaurant/@43.6409746,-79.4010942,14z/data=!4m12!1m2!2m1!1sitalian+restaurants+downtown+toronto!3m8!1s0x89d4cb96062b6839:0x59fafefb2582216!8m2!3d43.6489605!4d-79.3746921!9m1!1b1!15sCiRpdGFsaWFuIHJlc3RhdXJhbnRzIGRvd250b3duIHRvcm9udG9aJiIkaXRhbGlhbiByZXN0YXVyYW50cyBkb3dudG93biB0b3JvbnRvkgESaXRhbGlhbl9yZXN0YXVyYW50mgEjQ2haRFNVaE5NRzluUzBWSlEwRm5TVU5LYm5WMVZreEJFQUXgAQA!16s%2Fg%2F11s5vjf2h9?entry=ttu",Piano Piano Restaurant,43.641,-79.4011,Positive,Positive,Positive,3
Italian ,"https://www.google.com/maps/place/ARDO+Restaurant/@43.6409746,-79.4010942,14z/data=!4m12!1m2!2m1!1sitalian+restaurants+downtown+toronto!3m8!1s0x89d4cb3a7220101b:0xf715391378100399!8m2!3d43.6510241!4d-79.3684452!9m1!1b1!15sCiRpdGFsaWFuIHJlc3RhdXJhbnRzIGRvd250b3duIHRvcm9udG9aJiIkaXRhbGlhbiByZXN0YXVyYW50cyBkb3dudG93biB0b3JvbnRvkgEKcmVzdGF1cmFudJoBJENoZERTVWhOTUc5blMwVkpRMEZuU1VSQ01qUXpPWFJCUlJBQuABAA!16s%2Fg%2F11cmxyh3f7?entry=ttu",ARDO Restaurant,43.641,-79.4011,Positive,Positive,Positive,3
Italian ,"https://www.google.com/maps/place/Cantina+Mercatto/@43.6409746,-79.4010942,14z/data=!4m12!1m2!2m1!1sitalian+restaurants+downtown+toronto!3m8!1s0x89d4cbc045415deb:0x6aef267ebcb5073f!8m2!3d43.6480899!4d-79.3767582!9m1!1b1!15sCiRpdGFsaWFuIHJlc3RhdXJhbnRzIGRvd250b3duIHRvcm9udG9aJiIkaXRhbGlhbiByZXN0YXVyYW50cyBkb3dudG93biB0b3JvbnRvkgESaXRhbGlhbl9yZXN0YXVyYW50mgEjQ2haRFNVaE5NRzluUzBWSlEwRm5TVVJDYzNCWU1HUlJFQUXgAQA!16s%2Fg%2F11g1__88g5?entry=ttu",Cantina Mercatto,43.641,-79.4011,Positive,Positive,Positive,0
Italian ,"https://www.google.com/maps/place/Scaddabush+Italian+Kitchen+%26+Bar+Front+Street/@43.6448333,-79.4214857,14z/data=!3m1!5s0x882b34d1538654bb:0xb43516d7bee28b20!4m12!1m2!2m1!1sitalian+restaurants+downtown+toronto!3m8!1s0x882b34d154e314f5:0xeadf3928f3047bdb!8m2!3d43.6448327!4d-79.3854371!9m1!1b1!15sCiRpdGFsaWFuIHJlc3RhdXJhbnRzIGRvd250b3duIHRvcm9udG9aJiIkaXRhbGlhbiByZXN0YXVyYW50cyBkb3dudG93biB0b3JvbnRvkgESaXRhbGlhbl9yZXN0YXVyYW50mgEkQ2hkRFNVaE5NRzluUzBWSlEwRm5TVVJhYm1STFUycEJSUkFC4AEA!16s%2Fg%2F11c2009cnx?entry=ttu",Scaddabush Italian Kitchen %26 Bar Front Street,43.6448,-79.4215,Positive,Positive,Positive,1
Italian ,"https://www.google.com/maps/place/Cafe+Oro+di+Napoli/@43.6517271,-79.3977106,14z/data=!4m13!1m3!2m2!1sitalian+restaurants+downtown+toronto!6e5!3m8!1s0x89d4cbab25b4facf:0xcd06982025864d13!8m2!3d43.6512217!4d-79.3720923!9m1!1b1!15sCiRpdGFsaWFuIHJlc3RhdXJhbnRzIGRvd250b3duIHRvcm9udG9aJiIkaXRhbGlhbiByZXN0YXVyYW50cyBkb3dudG93biB0b3JvbnRvkgESaXRhbGlhbl9yZXN0YXVyYW50mgEkQ2hkRFNVaE5NRzluUzBWSlEwRm5TVVJEYlhScVZYQlJSUkFC4AEA!16s%2Fg%2F11fj8lv5vw?entry=ttu",Cafe Oro di Napoli,43.6517,-79.3977,Positive,Positive,Positive,0
Italian ,"https://www.google.com/maps/place/Mia+Pasta/@43.6517271,-79.3977106,14z/data=!4m13!1m3!2m2!1sitalian+restaurants+downtown+toronto!6e5!3m8!1s0x89d4cb72f8be6793:0xec69fe6105a2356c!8m2!3d43.6462692!4d-79.3631878!9m1!1b1!15sCiRpdGFsaWFuIHJlc3RhdXJhbnRzIGRvd250b3duIHRvcm9udG9aJiIkaXRhbGlhbiByZXN0YXVyYW50cyBkb3dudG93biB0b3JvbnRvkgESaXRhbGlhbl9yZXN0YXVyYW504AEA!16s%2Fg%2F11n_yqbchl?entry=ttu",Mia Pasta,43.6517,-79.3977,Neutral,Neutral,Negative,0
Italian ,"https://www.google.com/maps/place/Uncle+Tony's/@43.6517271,-79.3977106,14z/data=!4m13!1m3!2m2!1sitalian+restaurants+downtown+toronto!6e5!3m8!1s0x89d4cb2dff2890e7:0x4029d38d010092f0!8m2!3d43.6484766!4d-79.3749958!9m1!1b1!15sCiRpdGFsaWFuIHJlc3RhdXJhbnRzIGRvd250b3duIHRvcm9udG9aJiIkaXRhbGlhbiByZXN0YXVyYW50cyBkb3dudG93biB0b3JvbnRvkgESaXRhbGlhbl9yZXN0YXVyYW50mgEjQ2haRFNVaE5NRzluUzBWSlEwRm5TVU5rY0RkNmVtUkJFQUXgAQA!16s%2Fg%2F11bwssj30v?entry=ttu",Uncle Tony's,43.6517,-79.3977,Positive,Positive,Neutral,2
Italian ,"https://www.google.com/maps/place/Sud+Forno/@43.65137,-79.4070017,14z/data=!3m1!5s0x882b34d2de66c955:0xef8d7f49a01c7b2!4m13!1m3!2m2!1sitalian+restaurants+downtown+toronto!6e5!3m8!1s0x89d4cb32e72ca4f5:0xfd7757443fa0afb4!8m2!3d43.6509164!4d-79.3787852!9m1!1b1!15sCiRpdGFsaWFuIHJlc3RhdXJhbnRzIGRvd250b3duIHRvcm9udG9aJiIkaXRhbGlhbiByZXN0YXVyYW50cyBkb3dudG93biB0b3JvbnRvkgEKcmVzdGF1cmFudJoBI0NoWkRTVWhOTUc5blMwVkpRMEZuU1VOU0xYUklha2gzRUFF4AEA!16s%2Fg%2F11f01v326h?entry=ttu",Sud Forno,43.6514,-79.407,Positive,Positive,Positive,1
Bangladeshi ,"https://www.google.com/maps/place/Curry+Kitchen+plus+Falafel+House/@43.6566562,-79.3757629,17z/data=!4m8!3m7!1s0x89d4cb35c16ec93d:0xec82dde6d4a194bd!8m2!3d43.6566562!4d-79.3757629!9m1!1b1!16s%2Fg%2F1tgj9t9b?authuser=0&hl=en&entry=ttu",Curry Kitchen plus Falafel House,43.6567,-79.3758,Positive,Positive,Neutral,0
Bangladeshi ,"https://www.google.com/maps/place/ANGITHI+BBQ+Biryani+%26+Wraps/@43.6404802,-79.3926562,17z/data=!4m8!3m7!1s0x882b356202c499b9:0x90ee9be90e371481!8m2!3d43.6404802!4d-79.3926562!9m1!1b1!16s%2Fg%2F11fv6p3h2_?authuser=0&hl=en&entry=ttu",ANGITHI BBQ Biryani and Wraps,43.6405,-79.3927,Positive,Positive,Neutral,0
Bangladeshi ,"https://www.google.com/maps/place/Laziz+Curry+Kitchen/@43.6567541,-79.3752774,17z/data=!4m8!3m7!1s0x89d4cb35de0f6645:0x45bdf02be7ccb86e!8m2!3d43.6567541!4d-79.3752774!9m1!1b1!16s%2Fg%2F11ggbr753j?authuser=0&hl=en&entry=ttu",Laziz Curry Kitchen,43.6568,-79.3753,Positive,Positive,Neutral,0
Jewish ,"https://www.google.com/maps/place/Bay+St+Deli+Kosher/@43.6437007,-79.3784421,17z/data=!3m1!5s0x89d4cb2b5d4aaf65:0xcf3aa22b5f6baba4!4m8!3m7!1s0x89d4cb52c0f64bdb:0x101f6d8d6cf27497!8m2!3d43.6437007!4d-79.3784421!9m1!1b1!16s%2Fg%2F11j3r5_lhb?authuser=0&hl=en&entry=ttu",Bay St Deli Kosher,43.6437,-79.3784,Neutral,Neutral,Neutral,0
Jewish ,"https://www.google.com/maps/place/Cafe+Landwer/@43.648744,-79.385165,17z/data=!4m8!3m7!1s0x882b35ba3731d9f5:0x2886916a889621d2!8m2!3d43.648744!4d-79.385165!9m1!1b1!16s%2Fg%2F11g1pmw1s1?authuser=0&hl=en&entry=ttu",Cafe Landwer,43.6487,-79.3852,Positive,Negative,Positive,1
Jewish ,"https://www.google.com/maps/place/Shopsy's+Downtown/@43.6509909,-79.3828947,17z/data=!4m8!3m7!1s0x882b34cd08a1ed6b:0x4ed39829a05432!8m2!3d43.6509909!4d-79.3828947!9m1!1b1!16s%2Fg%2F1tptrlsz?authuser=0&hl=en&entry=ttu",Shopsy's Downtown,43.651,-79.3829,Positive,Positive,Positive,0
Jewish ,"https://www.google.com/maps/place/Druxy's+Famous+Deli/@43.6527006,-79.3772455,17z/data=!4m8!3m7!1s0x89d4cb339c7d597f:0xa57d83fed3d3947a!8m2!3d43.6527006!4d-79.3772455!9m1!1b1!16s%2Fg%2F1tp287mk?authuser=0&hl=en&entry=ttu",Druxy's Famous Deli,43.6527,-79.3772,Positive,Positive,Negative,2
Jewish ,"https://www.google.com/maps/place/Gatsby/@43.6687989,-79.3913461,17z/data=!4m8!3m7!1s0x882b34b001133f8f:0xe9e762ef5209888a!8m2!3d43.6687989!4d-79.3913461!9m1!1b1!16s%2Fg%2F1hc4p9chg?authuser=0&hl=en&entry=ttu",Gatsby,43.6688,-79.3913,Positive,Positive,Positive,2
Jewish ,"https://www.google.com/maps/place/NewYorker+Deli/@43.6684007,-79.3892457,17z/data=!4m8!3m7!1s0x882b34b02cf46349:0x5f5a8ba3eb3014be!8m2!3d43.6684007!4d-79.3892457!9m1!1b1!16s%2Fg%2F1tdps916?authuser=0&hl=en&entry=ttu",NewYorker Deli,43.6684,-79.3892,Positive,Positive,Positive,0
French,"https://www.google.com/maps/place/La+Palette/@43.6479629,-79.4009828,17z/data=!4m8!3m7!1s0x882b34ddbb40b5c9:0xde44cc752c742c03!8m2!3d43.6479629!4d-79.4009828!9m1!1b1!16s%2Fg%2F1tfd7m3z?authuser=0&hl=en&entry=ttu",La Palette,43.648,-79.401,Positive,Positive,Positive,1
French,"https://www.google.com/maps/place/Lapinou/@43.644284,-79.4015783,17z/data=!3m1!5s0x882b34de37f73183:0xf2d41dfaf0cfef71!4m8!3m7!1s0x882b34de382fffff:0x4a8d636974e2dd45!8m2!3d43.644284!4d-79.4015783!9m1!1b1!16s%2Fg%2F11fngktblp?authuser=0&hl=en&entry=ttu",Lapinou,43.6443,-79.4016,Positive,Positive,Positive,2
French,"https://www.google.com/maps/place/Alo/@43.6484905,-79.3959415,17z/data=!4m8!3m7!1s0x882b34db73a328af:0xd05dd320ed94d61b!8m2!3d43.6484905!4d-79.3959415!9m1!1b1!16s%2Fg%2F11bvv5c3wy?authuser=0&hl=en&entry=ttu",Alo,43.6485,-79.3959,Positive,Positive,Positive,1
French,"https://www.google.com/maps/place/Le+S%C3%A9lect+Bistro/@43.643898,-79.3968546,17z/data=!4m8!3m7!1s0x882b34d92ecfc2c7:0xa16008b372474a56!8m2!3d43.643898!4d-79.3968546!9m1!1b1!16s%2Fg%2F1tg_gpkn?authuser=0&hl=en&entry=ttu",Le Select Bistro,43.6439,-79.3969,Positive,Positive,Positive,1
French,"https://www.google.com/maps/place/Frenchy+Bar+et+Brasserie/@43.6499349,-79.3856723,17z/data=!4m8!3m7!1s0x882b350b13f695e7:0xced0100271491d64!8m2!3d43.6499349!4d-79.3856723!9m1!1b1!16s%2Fg%2F11vm79xnrq?authuser=0&hl=en&entry=ttu",Frenchy Bar et Brasserie,43.6499,-79.3857,Positive,Positive,Positive,0
French,"https://www.google.com/maps/place/Midi+Bistro+Restaurant/@43.65583,-79.3921857,17z/data=!4m8!3m7!1s0x882b34c619bab389:0xc2ba848c97e64947!8m2!3d43.65583!4d-79.3921857!9m1!1b1!16s%2Fg%2F1tj46jvj?authuser=0&hl=en&entry=ttu",Midi Bistro Restaurant,43.6558,-79.3922,Positive,Positive,Neutral,0
French,"https://www.google.com/maps/place/Victor+Restaurant/@43.6456852,-79.3910047,17z/data=!4m8!3m7!1s0x882b34d0ae17e8df:0xb97aaef871ec3022!8m2!3d43.6456852!4d-79.3910047!9m1!1b1!16s%2Fg%2F1tfw3nzq?authuser=0&hl=en&entry=ttu",Victor Restaurant,43.6457,-79.391,Positive,Positive,Positive,3
French,"https://www.google.com/maps/place/Cafe+La+Gaffe/@43.6562316,-79.3933414,17z/data=!4m8!3m7!1s0x882b34c66a3fd2f3:0x9c9cec189ee33ea2!8m2!3d43.6562316!4d-79.3933414!9m1!1b1!16s%2Fg%2F1tdxfxz_?authuser=0&hl=en&entry=ttu",Cafe La Gaffe,43.6562,-79.3933,Positive,Negative,Positive,2
French,"https://www.google.com/maps/place/Cluny+Bistro+%26+Boulangerie/@43.6505879,-79.3578962,17z/data=!4m8!3m7!1s0x89d4cb3df31d947d:0xa1cc9f773ce75572!8m2!3d43.6505879!4d-79.3578962!9m1!1b1!16s%2Fg%2F1q646bmzy?authuser=0&hl=en&entry=ttu",Cluny Bistro and Boulangerie,43.6506,-79.3579,Positive,Positive,Positive,2
French,"https://www.google.com/maps/place/Caf%C3%A9+Nicole+Bistro+%2B+Bar/@43.6464757,-79.3792867,15.75z/data=!4m8!3m7!1s0x89d4cb2e7848343b:0xf34846441c4e64ae!8m2!3d43.6465136!4d-79.3745725!9m1!1b1!16s%2Fg%2F1tm0csyj?authuser=0&hl=en&entry=ttu",Cafe Nicole Bistro and Bar,43.6465,-79.3793,Positive,Positive,Neutral,1
French,"https://www.google.com/maps/place/GEORGE+Restaurant/@43.6533708,-79.3743283,17z/data=!3m1!5s0x89d4cb316b7a637b:0xe30fe06b4c67b861!4m8!3m7!1s0x89d4cb36abc6bb31:0xb2ddb50894e8ea65!8m2!3d43.6533708!4d-79.3743283!9m1!1b1!16s%2Fm%2F052lzvy?authuser=0&hl=en&entry=ttu",GEORGE Restaurant,43.6534,-79.3743,Positive,Positive,Positive,2
French,"https://www.google.com/maps/place/Biff's+Bistro/@43.6473392,-79.3763696,17z/data=!4m8!3m7!1s0x89d4cb2dbf1a49c1:0xc4af91edf6e3779e!8m2!3d43.6473392!4d-79.3763696!9m1!1b1!16s%2Fm%2F0526rgt?authuser=0&hl=en&entry=ttu",Biff's Bistro,43.6473,-79.3764,Positive,Positive,Positive,2
French,"https://www.google.com/maps/place/Byblos+Downtown/@43.6474863,-79.3881964,17z/data=!4m8!3m7!1s0x882b34d1a971ae9d:0x825d990e87396563!8m2!3d43.6474863!4d-79.3881964!9m1!1b1!16s%2Fg%2F1pzv81kg_?authuser=0&hl=en&entry=ttu",Byblos Downtown,43.6475,-79.3882,Positive,Positive,Positive,1
French,"https://www.google.com/maps/place/Petit+Dejeuner/@43.65072,-79.3702891,17z/data=!4m8!3m7!1s0x89d4cb308fb262e3:0x68137a388b2bee04!8m2!3d43.65072!4d-79.3702891!9m1!1b1!16s%2Fg%2F1vhkljm5?authuser=0&hl=en&entry=ttu",Petit Dejeuner,43.6507,-79.3703,Positive,Positive,Negative,2
French,"https://www.google.com/maps/place/Lucie/@43.6497516,-79.3785138,17z/data=!4m8!3m7!1s0x89d4cb22ea3e84c5:0xf24dbb7cd33f9a22!8m2!3d43.6497516!4d-79.3785138!9m1!1b1!16s%2Fg%2F11kqcr1tyf?authuser=0&hl=en&entry=ttu",Lucie,43.6498,-79.3785,Positive,Positive,Positive,2
French,"https://www.google.com/maps/place/Fran's+Restaurant+and+Bar/@43.6614536,-79.3840553,17z/data=!3m1!5s0x882b34b44dba6d7f:0x1a7294febcab4be2!4m8!3m7!1s0x882b34b5b33221fd:0x61a6eba0e5814fbe!8m2!3d43.6614536!4d-79.3840553!9m1!1b1!16s%2Fg%2F1tjfbx4v?authuser=0&hl=en&entry=ttu",Fran's Restaurant and Bar,43.6615,-79.3841,Positive,Positive,Positive,3
Mexican ,"https://www.google.com/maps/place/La+Carnita/@43.6471367,-79.39013,17z/data=!4m8!3m7!1s0x882b34d060af3fd1:0x2103349d44fac1ea!8m2!3d43.6471367!4d-79.39013!9m1!1b1!16s%2Fg%2F11ckqzgjw8?authuser=0&hl=en&entry=ttu",La Carnita,43.6471,-79.3901,Positive,Positive,Positive,3
Mexican ,"https://www.google.com/maps/place/Casa+Mezcal/@43.6464106,-79.3899674,17z/data=!4m8!3m7!1s0x882b3579240a16d1:0x9325520c0eaf030b!8m2!3d43.6464106!4d-79.3899674!9m1!1b1!16s%2Fg%2F11jg2sylyn?authuser=0&hl=en&entry=ttu",Casa Mezcal,43.6464,-79.39,Positive,Positive,Positive,1
Mexican ,"https://www.google.com/maps/place/Tres+Compadres/@43.6475615,-79.3864138,17z/data=!3m1!5s0x882b34e3fbeeb0b7:0xc2f6e95835359808!4m8!3m7!1s0x882b358cbdb6f23f:0x41b8e14880f70de7!8m2!3d43.6475615!4d-79.3864138!9m1!1b1!16s%2Fg%2F11n0b7h2f2?authuser=0&hl=en&entry=ttu",Tres Compadres,43.6476,-79.3864,Positive,Positive,Neutral,0
Mexican ,"https://www.google.com/maps/place/Birria+Catrina/@43.6573816,-79.3810738,17z/data=!4m8!3m7!1s0x882b355b231546a5:0xe0ea57c0e893a9a6!8m2!3d43.6573816!4d-79.3810738!9m1!1b1!16s%2Fg%2F11rm1dj96b?authuser=0&hl=en&entry=ttu",Birria Catrina,43.6574,-79.3811,Positive,Positive,Neutral,1
Mexican ,"https://www.google.com/maps/place/Fresh+Burrito/@43.64814,-79.3952002,17z/data=!4m8!3m7!1s0x882b356e8bbfbca9:0xa9df1ec67fcaca29!8m2!3d43.64814!4d-79.3952002!9m1!1b1!16s%2Fg%2F11s36qypmm?authuser=0&hl=en&entry=ttu",Fresh Burrito,43.6481,-79.3952,Positive,Positive,Neutral,0
Mexican ,"https://www.google.com/maps/place/Milagro+Cantina/@43.6457685,-79.3897967,17z/data=!4m8!3m7!1s0x882b34d0c4ea17d7:0xcbf81f270cb92ba0!8m2!3d43.6457685!4d-79.3897967!9m1!1b1!16s%2Fm%2F052m54z?authuser=0&hl=en&entry=ttu",Milagro Cantina,43.6458,-79.3898,Positive,Positive,Positive,1
Mexican ,"https://www.google.com/maps/place/Colibri/@43.650352,-79.383795,17z/data=!4m18!1m9!3m8!1s0x882b34cd973fffff:0xa91a233e2538cc69!2sColibri!8m2!3d43.650352!4d-79.383795!9m1!1b1!16s%2Fg%2F11f_kl2k80!3m7!1s0x882b34cd973fffff:0xa91a233e2538cc69!8m2!3d43.650352!4d-79.383795!9m1!1b1!16s%2Fg%2F11f_kl2k80?authuser=0&hl=en&entry=ttu",Colibri,43.6504,-79.3838,Positive,Neutral,Negative,0
Mexican ,"https://www.google.com/maps/place/Burrito+Boyz/@43.6563585,-79.3784937,17z/data=!3m1!5s0x89d4cb351bc27e47:0xb248944ddb40c7d6!4m8!3m7!1s0x89d4cb351bc0882d:0x51b942c4b2929398!8m2!3d43.6563585!4d-79.3784937!9m1!1b1!16s%2Fg%2F11bw4782l8?authuser=0&hl=en&entry=ttu",Burrito Boyz,43.6564,-79.3785,Positive,Positive,Neutral,1
Mexican ,"https://www.google.com/maps/place/Pastor+Taco/@43.6616989,-79.369212,17z/data=!4m8!3m7!1s0x89d4cba095394b91:0x907f0a779c383fc0!8m2!3d43.6616989!4d-79.369212!9m1!1b1!16s%2Fg%2F11ngpj26mn?authuser=0&hl=en&entry=ttu",Pastor Taco,43.6617,-79.3692,Positive,Positive,Negative,0
Mexican ,"https://www.google.com/maps/place/El+Catrin+Destileria/@43.650542,-79.3587374,17z/data=!4m8!3m7!1s0x89d4cb3dc79258bf:0xae5b0d8b92763d5f!8m2!3d43.650542!4d-79.3587374!9m1!1b1!16s%2Fg%2F1pp2vmz3p?authuser=0&hl=en&entry=ttu",El Catrin Destileria,43.6505,-79.3587,Positive,Positive,Positive,3
Mexican ,"https://www.google.com/maps/place/Chipotle+Mexican+Grill/@43.6568643,-79.3808678,17z/data=!3m1!5s0x882b34c51bbe1e97:0x6a8c2ebac3a9ebf8!4m8!3m7!1s0x882b34cacfd8f671:0xbb7088a7fb1e8d51!8m2!3d43.6568643!4d-79.3808678!9m1!1b1!16s%2Fg%2F1w0p67y9?authuser=0&hl=en&entry=ttu",Chipotle Mexican Grill,43.6569,-79.3809,Positive,Neutral,Neutral,0
Mexican ,"https://www.google.com/maps/place/Migente+Cocina+-+Toronto+-+Downtown+East/@43.6558094,-79.3641007,17z/data=!3m1!4b1!4m6!3m5!1s0x89d4cb43abcaaa5b:0xe02b1820ccc7ff44!8m2!3d43.6558094!4d-79.3641007!16s%2Fg%2F11tg45l4sc?authuser=0&hl=en&entry=ttu",Migente Cocina - Toronto - Downtown East,43.6558,-79.3641,Positive,Positive,Neutral,0
Mexican ,"https://www.google.com/maps/place/Tacorrito/@43.6531089,-79.3965419,14z/data=!4m13!1m3!2m2!1smexican+restaurants+downtown+toronto!6e5!3m8!1s0x89d4cba1e946dd77:0x20ccdef01d06a030!8m2!3d43.6512564!4d-79.3676309!9m1!1b1!15sCiRtZXhpY2FuIHJlc3RhdXJhbnRzIGRvd250b3duIHRvcm9udG9aJiIkbWV4aWNhbiByZXN0YXVyYW50cyBkb3dudG93biB0b3JvbnRvkgESbWV4aWNhbl9yZXN0YXVyYW50mgEjQ2haRFNVaE5NRzluUzBWSlEwRm5TVU5YWnkxRFpVcEJFQUXgAQA!16s%2Fg%2F11h4k743zs?entry=ttu",Tacorrito,43.6531,-79.3965,Positive,Positive,Negative,0
Mexican ,"https://www.google.com/maps/place/Quesada+Burritos+%26+Tacos/@43.6482027,-79.4041808,14z/data=!4m13!1m3!2m2!1smexican+restaurants+downtown+toronto!6e5!3m8!1s0x89d4cb3227347b11:0x7564ebc9ed5c5e2d!8m2!3d43.6500984!4d-79.374794!9m1!1b1!15sCiRtZXhpY2FuIHJlc3RhdXJhbnRzIGRvd250b3duIHRvcm9udG9aJiIkbWV4aWNhbiByZXN0YXVyYW50cyBkb3dudG93biB0b3JvbnRvkgESbWV4aWNhbl9yZXN0YXVyYW50mgEjQ2haRFNVaE5NRzluUzBWSlEwRm5TVU14Y2s5UE9GRkJFQUXgAQA!16s%2Fg%2F1td0bxxv?entry=ttu",Quesada Burritos and Tacos,43.6482,-79.4042,Positive,Positive,Neutral,1
Hungarian,"https://www.google.com/maps/place/Hungary+Thai+bar%26eatery/@43.6543198,-79.4381315,14z/data=!3m1!5s0x882b34c2720b614d:0x564b02672e025748!4m12!1m2!2m1!1shungarian+restaurants+downtown+toronto!3m8!1s0x882b34c26de96c0d:0x8777e0c1026815f4!8m2!3d43.654321!4d-79.402084!9m1!1b1!15sCiZodW5nYXJpYW4gcmVzdGF1cmFudHMgZG93bnRvd24gdG9yb250b1ooIiZodW5nYXJpYW4gcmVzdGF1cmFudHMgZG93bnRvd24gdG9yb250b5IBEWZ1c2lvbl9yZXN0YXVyYW504AEA!16s%2Fg%2F1tm8fm7c?entry=ttu",Hungary Thai bar and eatery,43.6543,-79.4381,Positive,Positive,Neutral,0
Chinese,"https://www.google.com/maps/place/Hong+Shing+Restaurant/@43.654927,-79.3868933,17z/data=!4m8!3m7!1s0x882b34c94591fe95:0xe8a0f19f854517b9!8m2!3d43.654927!4d-79.3868933!9m1!1b1!16s%2Fg%2F1tc_fwzq?authuser=0&hl=en&entry=ttu",Hong Shing Restaurant,43.6549,-79.3869,Positive,Positive,Positive,0
Chinese,"https://www.google.com/maps/place/R%26D/@43.6515943,-79.3972048,17z/data=!3m1!5s0x882b34dc5aab3f11:0x449b19a6fcf13270!4m18!1m9!3m8!1s0x882b34c4a0a508f9:0xde26fdf6d146c487!2zUiZE!8m2!3d43.6515943!4d-79.3972048!9m1!1b1!16s%2Fg%2F11b7lbyry0!3m7!1s0x882b34c4a0a508f9:0xde26fdf6d146c487!8m2!3d43.6515943!4d-79.3972048!9m1!1b1!16s%2Fg%2F11b7lbyry0?authuser=0&hl=en&entry=ttu",R and D,43.6516,-79.3972,Positive,Positive,Positive,3
Chinese,"https://www.google.com/maps/place/Yueh+Tung+Restaurant/@43.6551375,-79.3852591,17z/data=!4m8!3m7!1s0x882b34cbe8c01477:0x8234ba58d3960eb8!8m2!3d43.6551375!4d-79.3852591!9m1!1b1!16s%2Fg%2F1tg_m7z9?authuser=0&hl=en&entry=ttu",Yueh Tung Restaurant,43.6551,-79.3853,Positive,Positive,Positive,0
Chinese,"https://www.google.com/maps/place/Goldstone+Noodle+Restaurant/@43.6521367,-79.3981883,17z/data=!4m8!3m7!1s0x882b34c36f33725b:0x34ebf294b1e31c3b!8m2!3d43.6521367!4d-79.3981883!9m1!1b1!16s%2Fg%2F1tjy23x6?authuser=0&hl=en&entry=ttu",Goldstone Noodle Restaurant,43.6521,-79.3982,Positive,Negative,Neutral,0
Chinese,"https://www.google.com/maps/place/House+Of+Gourmet/@43.6532448,-79.3972092,17z/data=!4m8!3m7!1s0x882b34c380b1bab9:0x855eeb280fca7897!8m2!3d43.6532448!4d-79.3972092!9m1!1b1!16s%2Fg%2F1v8gcp0d?authuser=0&hl=en&entry=ttu",House Of Gourmet,43.6532,-79.3972,Positive,Positive,Negative,0
Chinese,"https://www.google.com/maps/place/King's+Noodle+Restaurant/@43.653073,-79.3984931,17z/data=!4m8!3m7!1s0x882b34c39e401e99:0x89eb3db0661e6294!8m2!3d43.653073!4d-79.3984931!9m1!1b1!16s%2Fg%2F1tf5l8j8?authuser=0&hl=en&entry=ttu",King's Noodle Restaurant,43.6531,-79.3985,Positive,Positive,Positive,0
Chinese,"https://www.google.com/maps/place/Wok+Theory+%7C+%E6%96%B0%E5%A4%A9%E8%99%B9/@43.652858,-79.3989531,17z/data=!3m1!5s0x882b34c3097b571f:0x3543dcc3ea3d5adf!4m8!3m7!1s0x882b3509df533db7:0xe26006daa34f1810!8m2!3d43.652858!4d-79.3989531!9m1!1b1!16s%2Fg%2F11txjlpglz?authuser=0&hl=en&entry=ttu",Wok Theory ,43.6529,-79.399,Positive,Positive,Positive,1
Chinese,"https://www.google.com/maps/place/Asian+Legend/@43.6536569,-79.3951222,17z/data=!4m8!3m7!1s0x882b34c446046fd1:0x101746c64ebc9b34!8m2!3d43.6536569!4d-79.3951222!9m1!1b1!16s%2Fg%2F1tf76482?authuser=0&hl=en&entry=ttu",Asian Legend,43.6537,-79.3951,Positive,Positive,Negative,0
Chinese,"https://www.google.com/maps/place/Rosewood+Asian+Cuisine/@43.6530667,-79.3966354,17z/data=!3m1!5s0x882b34c47cda49bb:0x701385b4226ba722!4m8!3m7!1s0x882b34c47c94c14b:0xa728a7015f107ccc!8m2!3d43.6530667!4d-79.3966354!9m1!1b1!16s%2Fg%2F1hc79jbtz?authuser=0&hl=en&entry=ttu",Rosewood Asian Cuisine,43.6531,-79.3966,Positive,Positive,Positive,1
Chinese,"https://www.google.com/maps/place/Lee/@43.6472135,-79.3993497,17z/data=!4m8!3m7!1s0x882b34de5068b7fd:0x1cc88c5931b08a8b!8m2!3d43.6472135!4d-79.3993497!9m1!1b1!16s%2Fg%2F1vzv48zv?authuser=0&hl=en&entry=ttu",Lee,43.6472,-79.3993,Positive,Positive,Neutral,1
Chinese,"https://www.google.com/maps/place/Yin+Ji+Chang+Fen+%E9%8A%80%E8%A8%98%E8%85%B8%E7%B2%89+(Downtown)/@43.6558075,-79.3989112,17z/data=!4m8!3m7!1s0x882b35fc9d8bba53:0xdb2bbff8043dc64e!8m2!3d43.6558075!4d-79.3989112!9m1!1b1!16s%2Fg%2F11j2zds_cj?authuser=0&hl=en&entry=ttu",Yin Ji Chang Fen (Downtown),43.6558,-79.3989,Positive,Positive,Neutral,0
Chinese,"https://www.google.com/maps/place/Swatow+Restaurant/@43.653836,-79.3981091,17z/data=!3m1!5s0x882b34c3918ff491:0xe423f545e0c0163a!4m8!3m7!1s0x882b34c3910fd7c5:0xd8bad0c8067790b5!8m2!3d43.653836!4d-79.3981091!9m1!1b1!16s%2Fg%2F1tw_nwzc?authuser=0&hl=en&entry=ttu",Swatow Restaurant,43.6538,-79.3981,Positive,Positive,Positive,1
Chinese,"https://www.google.com/maps/place/Lee+Chen+Asian+Bistro/@43.6473696,-79.3866356,17z/data=!4m8!3m7!1s0x882b34d19d261df3:0x83289b0c0192e2a!8m2!3d43.6473696!4d-79.3866356!9m1!1b1!16s%2Fg%2F11c1zwbdwm?authuser=0&hl=en&entry=ttu",Lee Chen Asian Bistro,43.6474,-79.3866,Neutral,Positive,Positive,0
Chinese,"https://www.google.com/maps/place/New+Ho+King/@43.6561548,-79.3996914,17z/data=!4m8!3m7!1s0x882b34c170dc38b3:0xd6d2f0facf720cc1!8m2!3d43.6561548!4d-79.3996914!9m1!1b1!16s%2Fg%2F1tscpn5r?authuser=0&hl=en&entry=ttu",New Ho King,43.6562,-79.3997,Positive,Positive,Positive,2
Chinese,"https://www.google.com/maps/place/Hong+Kong+Bistro+Cafe/@43.6533726,-79.3968759,17z/data=!4m8!3m7!1s0x882b34c47bc55449:0xd4d1e92b10fa3ec8!8m2!3d43.6533726!4d-79.3968759!9m1!1b1!16s%2Fg%2F1tk9rdbm?authuser=0&hl=en&entry=ttu",Hong Kong Bistro Cafe,43.6534,-79.3969,Positive,Positive,Positive,1
Chinese,"https://www.google.com/maps/place/Moon+Palace+Cantonese+Cuisine/@43.6561902,-79.3824014,17z/data=!3m1!5s0x882b34cbffde96ff:0xdd572832b234b14f!4m8!3m7!1s0x882b35c391f8b903:0x7b3018cea77334b5!8m2!3d43.6561902!4d-79.3824014!9m1!1b1!16s%2Fg%2F11m7r8xzvc?authuser=0&hl=en&entry=ttu",Moon Palace Cantonese Cuisine,43.6562,-79.3824,Positive,Positive,Neutral,0
Chinese,"https://www.google.com/maps/place/Juicy+Dumpling/@43.6525773,-79.3987057,17z/data=!3m1!5s0x882b34cca98b5d91:0x2d25936dc4ad5f23!4m8!3m7!1s0x882b3500043c08ab:0xacd47b1c73955319!8m2!3d43.6525773!4d-79.3987057!9m1!1b1!16s%2Fg%2F11gmvg3408?authuser=0&hl=en&entry=ttu",Juicy Dumpling,43.6526,-79.3987,Positive,Positive,Negative,1
Chinese,"https://www.google.com/maps/place/Tasty+Chinese+Food/@43.6538431,-79.3909397,17z/data=!3m1!5s0x882b34ceb1405ea9:0x79ced3f997356ff2!4m8!3m7!1s0x882b34cf76c407a7:0x9ffd8a9604bb3f2c!8m2!3d43.6538431!4d-79.3909397!9m1!1b1!16s%2Fg%2F1tf2svzr?authuser=0&hl=en&entry=ttu",Tasty Chinese Food,43.6538,-79.3909,Positive,Positive,Positive,0
Chinese,"https://www.google.com/maps/place/Canton+Chilli/@43.6562888,-79.3996765,17z/data=!4m8!3m7!1s0x882b34c171753d2d:0x5e62b74aedc9dd25!8m2!3d43.6562888!4d-79.3996765!9m1!1b1!16s%2Fg%2F1tkp0d_6?authuser=0&hl=en&entry=ttu",Canton Chilli,43.6563,-79.3997,Positive,Positive,Positive,2
Chinese,"https://www.google.com/maps/place/Sunnys+Chinese/@43.6543631,-79.4006578,17z/data=!4m8!3m7!1s0x882b35b849569a65:0x8437abd93704124b!8m2!3d43.6543631!4d-79.4006578!9m1!1b1!16s%2Fg%2F11s48_sm4h?authuser=0&hl=en&entry=ttu",Sunnys Chinese,43.6544,-79.4007,Positive,Positive,Neutral,1
Chinese,"https://www.google.com/maps/place/Mother's+Dumplings/@43.6571167,-79.3994361,17z/data=!4m8!3m7!1s0x882b34c10e3f31d3:0xe36431ff024b1f2!8m2!3d43.6571167!4d-79.3994361!9m1!1b1!16s%2Fg%2F1th5k2k1?authuser=0&hl=en&entry=ttu",Mother's Dumplings,43.6571,-79.3994,Positive,Positive,Positive,0
Chinese,"https://www.google.com/maps/place/Congee+Queen(Yonge%26Dundas)/@43.6583082,-79.3819318,17z/data=!3m1!5s0x882b34ca994887e5:0xbd1ba613e53381e6!4m8!3m7!1s0x882b34ca9930854d:0xc9a5e2f89a894131!8m2!3d43.6583082!4d-79.3819318!9m1!1b1!16s%2Fg%2F11t4d_hsz4?authuser=0&hl=en&entry=ttu",Congee Queen,43.6583,-79.3819,Neutral,Positive,Positive,0
Chinese,"https://www.google.com/maps/place/Chin+Chin+Street+Side+Kitchen/@43.6404786,-79.3926677,17z/data=!4m8!3m7!1s0x882b35ba0ad2eda1:0xb577204e11ad6988!8m2!3d43.6404786!4d-79.3926677!9m1!1b1!16s%2Fg%2F11fk3zkp5l?authuser=0&hl=en&entry=ttu",Chin Chin Street Side Kitchen,43.6405,-79.3927,Positive,Positive,Neutral,0
Chinese,"https://www.google.com/maps/place/Miss+Fu+In+Chengdu+(Downtown)+%E4%BB%98%E5%B0%8F%E5%A7%90%E5%9C%A8%E6%88%90%E9%83%BD/@43.6674852,-79.3854284,17z/data=!4m8!3m7!1s0x882b352914b7c4c7:0x36c6fa02e366829b!8m2!3d43.6674852!4d-79.3854284!9m1!1b1!16s%2Fg%2F11r_qyvtv1?authuser=0&hl=en&entry=ttu",Miss Fu In Chengdu (Downtown) ,43.6675,-79.3854,Positive,Positive,Positive,1
Chinese,"https://www.google.com/maps/place/Pearl+Harbourfront+Chinese+Cuisine/@43.6382187,-79.3806846,17z/data=!3m1!5s0x882b34d43815745d:0x81d9ec709d0177b4!4m8!3m7!1s0x882b34d557417d69:0xb415ed4eba33fba3!8m2!3d43.6382187!4d-79.3806846!9m1!1b1!16s%2Fg%2F1wc48lr3?authuser=0&hl=en&entry=ttu",Pearl Harbourfront Chinese Cuisine,43.6382,-79.3807,Positive,Positive,Neutral,0
Vietnamese,"https://www.google.com/maps/place/Ph%E1%BB%9F+H%C6%B0ng+Restaurant/@43.654442,-79.3989247,17z/data=!4m8!3m7!1s0x882b34c3c12241f1:0xfcbf6631e05ca02a!8m2!3d43.654442!4d-79.3989247!9m1!1b1!16s%2Fg%2F1vljgzkr?authuser=0&hl=en&entry=ttu",Pho Hung Restaurant,43.6544,-79.3989,Positive,Positive,Positive,1
Vietnamese,"https://www.google.com/maps/place/Anh+Dao+Restaurant/@43.6563042,-79.3991053,17z/data=!4m8!3m7!1s0x882b34c16e8dc087:0xd55cde4b20ebdda!8m2!3d43.6563042!4d-79.3991053!9m1!1b1!16s%2Fg%2F1tfx5jdg?authuser=0&hl=en&entry=ttu",Anh Dao Restaurant,43.6563,-79.3991,Positive,Positive,Negative,1
Vietnamese,"https://www.google.com/maps/place/Saigon+Lotus/@43.6544102,-79.3992766,17z/data=!4m8!3m7!1s0x882b34c3c751a4bf:0xf2a993aef3481e2a!8m2!3d43.6544102!4d-79.3992766!9m1!1b1!16s%2Fg%2F1hc2zzrt9?authuser=0&hl=en&entry=ttu",Saigon Lotus,43.6544,-79.3993,Positive,Positive,Positive,1
Vietnamese,"https://www.google.com/maps/place/Dear+Saigon/@43.658722,-79.39439,17z/data=!3m1!5s0x882b34c775934b2d:0xadab8cb0f97105fd!4m8!3m7!1s0x882b35c6e6b99481:0x9ae2b303df12b8d9!8m2!3d43.658722!4d-79.39439!9m1!1b1!16s%2Fg%2F11sbsxyk1f?authuser=0&hl=en&entry=ttu",Dear Saigon,43.6587,-79.3944,Positive,Positive,Positive,0
Vietnamese,"https://www.google.com/maps/place/Bun+Saigon+Vietnamese+Restaurant/@43.6516468,-79.3978711,17z/data=!4m8!3m7!1s0x882b34c35d0f8ead:0x481979052f44c256!8m2!3d43.6516468!4d-79.3978711!9m1!1b1!16s%2Fg%2F1tdw4301?authuser=0&hl=en&entry=ttu",Bun Saigon Vietnamese Restaurant,43.6516,-79.3979,Positive,Positive,Positive,2
Vietnamese,"https://www.google.com/maps/place/Banh+Mi+Boys/@43.6571517,-79.3808926,17z/data=!4m8!3m7!1s0x882b34b5685119c9:0xc3aa8047fe86d16a!8m2!3d43.6571517!4d-79.3808926!9m1!1b1!16s%2Fg%2F1jkwdfjfd?authuser=0&hl=en&entry=ttu",Banh Mi Boys,43.6572,-79.3809,Positive,Positive,Positive,2
Vietnamese,"https://www.google.com/maps/place/Dzo%CC%82+Viet+Eatery/@43.6544343,-79.3917783,17z/data=!4m8!3m7!1s0x882b3537df1f5923:0x5acb8f046e9a9fea!8m2!3d43.6544343!4d-79.3917783!9m1!1b1!16s%2Fg%2F11j2zvlc0f?authuser=0&hl=en&entry=ttu",Dzo Viet Eatery,43.6544,-79.3918,Positive,Positive,Neutral,0
Vietnamese,"https://www.google.com/maps/place/Ginger+Restaurant/@43.6691291,-79.3861083,17z/data=!4m8!3m7!1s0x882b35c6341a837d:0x942785dd270aeeb9!8m2!3d43.6691291!4d-79.3861083!9m1!1b1!16s%2Fg%2F11fdxb5s26?authuser=0&hl=en&entry=ttu",Ginger Restaurant,43.6691,-79.3861,Positive,Positive,Neutral,0
Vietnamese,"https://www.google.com/maps/place/Phosome+Restaurant/@43.6646828,-79.3682793,17z/data=!4m8!3m7!1s0x89d4cb85ecd99dc5:0x45536b020f5432af!8m2!3d43.6646828!4d-79.3682793!9m1!1b1!16s%2Fg%2F11fmvcz1_5?authuser=0&hl=en&entry=ttu",Phosome Restaurant,43.6647,-79.3683,Positive,Positive,Neutral,0
Vietnamese,"https://www.google.com/maps/place/Ginger/@43.6653803,-79.3810491,17z/data=!3m1!5s0x89d4cb528b142c1d:0xf08ddc5f765eff4d!4m8!3m7!1s0x882b34b3284c5cf1:0x514b5f0ea077388a!8m2!3d43.6653803!4d-79.3810491!9m1!1b1!16s%2Fg%2F1tfjwxvk?authuser=0&hl=en&entry=ttu",Ginger,43.6654,-79.381,Positive,Positive,Neutral,0
Vietnamese,"https://www.google.com/maps/place/Banh+Mi+Ba+Le/@43.6528045,-79.3991443,17z/data=!4m8!3m7!1s0x882b34c30ed128fd:0x6c367e640886795e!8m2!3d43.6528045!4d-79.3991443!9m1!1b1!16s%2Fg%2F1tdy9p_g?authuser=0&hl=en&entry=ttu",Banh Mi Ba Le,43.6528,-79.3991,Positive,Positive,Negative,0
Vietnamese,"https://www.google.com/maps/place/Pho+Pasteur+Restaurant/@43.6525748,-79.3990272,17z/data=!4m8!3m7!1s0x882b34c30e721d73:0xe41e9f74691f7f9d!8m2!3d43.6525748!4d-79.3990272!9m1!1b1!16s%2Fg%2F1ttyxc7g?authuser=0&hl=en&entry=ttu",Pho Pasteur Restaurant,43.6526,-79.399,Positive,Positive,Positive,0
Vietnamese,"https://www.google.com/maps/place/Pho+House/@43.6656417,-79.3509111,17z/data=!4m8!3m7!1s0x89d4cb65f00075f9:0x9e8d7d58d0426fbb!8m2!3d43.6656417!4d-79.3509111!9m1!1b1!16s%2Fg%2F11btww4q9w?authuser=0&hl=en&entry=ttu",Pho House,43.6656,-79.3509,Positive,Positive,Positive,0
Vietnamese,"https://www.google.com/maps/place/C%C3%A0+Ph%C3%AA+Rang/@43.6481831,-79.3958079,17z/data=!4m8!3m7!1s0x882b3546b62cc78d:0xc6dffeaeb4ae3443!8m2!3d43.6481831!4d-79.3958079!9m1!1b1!16s%2Fg%2F11r5wpvgg4?authuser=0&hl=en&entry=ttu",Ca Phe Rang,43.6482,-79.3958,Positive,Positive,Neutral,1
Vietnamese,"https://www.google.com/maps/place/Dak+Lak+Cafe/@43.6576881,-79.4008775,17z/data=!4m8!3m7!1s0x882b350092b07c8d:0x79d6aca412855ca8!8m2!3d43.6576881!4d-79.4008775!9m1!1b1!16s%2Fg%2F11f7b7fyqf?authuser=0&hl=en&entry=ttu",Dak Lak Cafe,43.6577,-79.4009,Positive,Positive,Positive,1
Korean,"https://www.google.com/maps/place/Kimchi+Korea+House/@43.6552472,-79.3855068,17z/data=!4m8!3m7!1s0x882b34cbe6f8ffdf:0x46958bd503e55a43!8m2!3d43.6552472!4d-79.3855068!9m1!1b1!16s%2Fg%2F1232pc346?authuser=0&hl=en&entry=ttu",Kimchi Korea House,43.6552,-79.3855,Positive,Positive,Positive,2
Korean,"https://www.google.com/maps/place/Ehwa+Restaurant/@43.6678283,-79.3849497,17z/data=!4m8!3m7!1s0x882b34b211ddfea3:0x64dcc8be0f07fec3!8m2!3d43.6678283!4d-79.3849497!9m1!1b1!16s%2Fg%2F1tpbcm5j?authuser=0&hl=en&entry=ttu",Ehwa Restaurant,43.6678,-79.3849,Positive,Positive,Positive,2
Korean,"https://www.google.com/maps/place/Korean+Grill+House/@43.6693479,-79.3865729,17z/data=!4m8!3m7!1s0x882b34ae0e624443:0x95dd29d490b7c2e1!8m2!3d43.6693479!4d-79.3865729!9m1!1b1!16s%2Fg%2F1tdg8fgj?authuser=0&hl=en&entry=ttu",Korean Grill House,43.6693,-79.3866,Positive,Positive,Positive,3
Korean,"https://www.google.com/maps/place/Koryo+Korean+Barbeque/@43.654438,-79.380699,17z/data=!4m8!3m7!1s0x882b34cb47b7bc67:0x42b1f2b117491ef4!8m2!3d43.654438!4d-79.380699!9m1!1b1!16s%2Fg%2F11dylvx8c_?authuser=0&hl=en&entry=ttu",Koryo Korean Barbeque,43.6544,-79.3807,Positive,Positive,Positive,0
Korean,"https://www.google.com/maps/place/Seoulicious/@43.665391,-79.385087,17z/data=!4m8!3m7!1s0x882b34b3c59effff:0x636cc607239ab15a!8m2!3d43.665391!4d-79.385087!9m1!1b1!16s%2Fg%2F11g6rkwmmy?authuser=0&hl=en&entry=ttu",Seoulicious,43.6654,-79.3851,Positive,Positive,Positive,1
Korean,"https://www.google.com/maps/place/Daldongnae+Korean+BBQ+-+downtown+Christie/@43.6642855,-79.4156824,17z/data=!4m8!3m7!1s0x882b35d38cda8ecb:0x5de011ae7884cc75!8m2!3d43.6642855!4d-79.4156824!9m1!1b1!16s%2Fg%2F11h7z2sf_m?authuser=0&hl=en&entry=ttu",Daldongnae Korean BBQ - downtown Christie,43.6643,-79.4157,Positive,Positive,Negative,3
Korean,"https://www.google.com/maps/place/Dakgogi/@43.6650263,-79.3832655,17z/data=!4m8!3m7!1s0x882b356b1fa727ff:0x761777f3c3ca056a!8m2!3d43.6650263!4d-79.3832655!9m1!1b1!16s%2Fg%2F11h283f9xz?authuser=0&hl=en&entry=ttu",Dakgogi,43.665,-79.3833,Positive,Positive,Positive,3
Korean,"https://www.google.com/maps/place/Sinjeon+Topokki/@43.6611654,-79.3787592,17z/data=!4m8!3m7!1s0x89d4cb48bc39076d:0xdfaf0f267832f72a!8m2!3d43.6611654!4d-79.3787592!9m1!1b1!16s%2Fg%2F11tf0lwdn1?authuser=0&hl=en&entry=ttu",Sinjeon Topokki,43.6612,-79.3788,Positive,Positive,Positive,2
Korean,"https://www.google.com/maps/place/BOM+Bibimbap/@43.658503,-79.38521,17z/data=!4m18!1m9!3m8!1s0x882b34ca0fa3520b:0x68fadf66f5714fb1!2sBOM+Bibimbap!8m2!3d43.658503!4d-79.38521!9m1!1b1!16s%2Fg%2F1thvhksx!3m7!1s0x882b34ca0fa3520b:0x68fadf66f5714fb1!8m2!3d43.658503!4d-79.38521!9m1!1b1!16s%2Fg%2F1thvhksx?authuser=0&hl=en&entry=ttu",BOM Bibimbap,43.6585,-79.3852,Positive,Positive,Positive,1
Korean,"https://www.google.com/maps/place/Horangee+Sikdang+%ED%98%B8%EB%9E%91%EC%9D%B4%EC%8B%9D%EB%8B%B9/@43.660605,-79.382602,17z/data=!3m1!5s0x882b34b5068ee293:0xf3e0f882e450b69!4m8!3m7!1s0x882b35bb0914c517:0x54960e1a88be037d!8m2!3d43.660605!4d-79.382602!9m1!1b1!16s%2Fg%2F11sddjtgtt?authuser=0&hl=en&entry=ttu",Horangee Sikdang ,43.6606,-79.3826,Positive,Positive,Negative,1
Korean,"https://www.google.com/maps/place/KACHI/@43.6537779,-79.3950222,17z/data=!4m8!3m7!1s0x882b34c448b94155:0xa3cbf2656885be66!8m2!3d43.6537779!4d-79.3950222!9m1!1b1!16s%2Fg%2F1tf662zh?authuser=0&hl=en&entry=ttu",KACHI,43.6538,-79.395,Positive,Positive,Neutral,1
Korean,"https://www.google.com/maps/place/Bapbo+Korean+Restaurant/@43.6555944,-79.3849417,17z/data=!4m8!3m7!1s0x882b34cbc166d701:0x5d321bb146117d03!8m2!3d43.6555944!4d-79.3849417!9m1!1b1!16s%2Fg%2F1jkvm89sd?authuser=0&hl=en&entry=ttu",Bapbo Korean Restaurant,43.6556,-79.3849,Positive,Positive,Positive,1
Korean,"https://www.google.com/maps/place/Arisu+Korean+BBQ+%26+Sushi/@43.665081,-79.412692,17z/data=!4m8!3m7!1s0x882b3492404f7b03:0x57924c2d0520ac5f!8m2!3d43.665081!4d-79.412692!9m1!1b1!16s%2Fg%2F1hc96_txq?authuser=0&hl=en&entry=ttu",Arisu Korean BBQ and Sushi,43.6651,-79.4127,Positive,Positive,Positive,1
Korean,"https://www.google.com/maps/place/Ka+Chi+(Kensington+Market)+Korean+Restaurant/@43.6544065,-79.3993357,17z/data=!4m8!3m7!1s0x89d4cfb552e6e783:0xab81b30052f7b028!8m2!3d43.6544065!4d-79.3993357!9m1!1b1!16s%2Fg%2F1wfvnmy0?authuser=0&hl=en&entry=ttu",Ka Chi (Kensington Market) Korean Restaurant,43.6544,-79.3993,Positive,Positive,Positive,3
Korean,"https://www.google.com/maps/place/Mapo+Korean+BBQ+%EB%A7%88%ED%8F%AC%EC%83%81%ED%9A%8C/@43.6639098,-79.4177524,17z/data=!4m8!3m7!1s0x882b348d010a7065:0xff1577d7300f8754!8m2!3d43.6639098!4d-79.4177524!9m1!1b1!16s%2Fg%2F11gffy8twj?authuser=0&hl=en&entry=ttu",Mapo Korean BBQ ,43.6639,-79.4178,Positive,Positive,Positive,1
Greek,"https://www.google.com/maps/place/Volos+Greek+Cuisine/@43.6503132,-79.3847095,17z/data=!4m8!3m7!1s0x882b34cdebf4b673:0x1c63059527c679dc!8m2!3d43.6503132!4d-79.3847095!9m1!1b1!16s%2Fg%2F1vm_yj2t?authuser=0&hl=en&entry=ttu",Volos Greek Cuisine,43.6503,-79.3847,Positive,Positive,Positive,0
Greek,"https://www.google.com/maps/place/Petros82+Restaurant/@43.6475103,-79.39096,17z/data=!3m1!5s0x882b34d08681bceb:0x2dd1655f9b9758a8!4m8!3m7!1s0x882b351a9d48a54f:0x28f01ba0e290dc4b!8m2!3d43.6475103!4d-79.39096!9m1!1b1!16s%2Fg%2F11h_7kvsyf?authuser=0&hl=en&entry=ttu",Petros82 Restaurant,43.6475,-79.391,Positive,Positive,Positive,0
Greek,"https://www.google.com/maps/place/Constantine+Toronto/@43.6686542,-79.3853935,17z/data=!4m18!1m9!3m8!1s0x882b34adf81aaaab:0x925ad15dd27c1636!2sConstantine+Toronto!8m2!3d43.6686542!4d-79.3853935!9m1!1b1!16s%2Fg%2F11f5dbv3pp!3m7!1s0x882b34adf81aaaab:0x925ad15dd27c1636!8m2!3d43.6686542!4d-79.3853935!9m1!1b1!16s%2Fg%2F11f5dbv3pp?authuser=0&hl=en&entry=ttu",Constantine Toronto,43.6687,-79.3854,Positive,Positive,Positive,1
Greek,"https://www.google.com/maps/place/Jimmy+The+Greek/@43.6549397,-79.3811749,17z/data=!3m1!5s0x882b34cb605da33d:0xb43516d7acb6ac1b!4m8!3m7!1s0x89d4cb3357c97dab:0x3938ed33fc337441!8m2!3d43.6549397!4d-79.3811749!9m1!1b1!16s%2Fg%2F1tjwjqxv?authuser=0&hl=en&entry=ttu",Jimmy The Greek,43.6549,-79.3812,Negative,Negative,Positive,1
Greek,"https://www.google.com/maps/place/Krystos+Modern+Greek+Cuisine+-+Downtown+Toronto/@43.6591157,-79.3600096,17z/data=!4m8!3m7!1s0x89d4cb66c16144fd:0x8fc1ad8e0d73f786!8m2!3d43.6591157!4d-79.3600096!9m1!1b1!16s%2Fg%2F11rf4cfkmk?authuser=0&hl=en&entry=ttu",Krystos Modern Greek Cuisine - Downtown Toronto,43.6591,-79.36,Negative,Positive,Negative,1
Greek,"https://www.google.com/maps/place/Mamakas+Taverna/@43.6459466,-79.419662,17z/data=!4m18!1m9!3m8!1s0x882b34fc28f25a99:0x610553834224b69b!2sMamakas+Taverna!8m2!3d43.6459466!4d-79.419662!9m1!1b1!16s%2Fg%2F11b5pjtcmm!3m7!1s0x882b34fc28f25a99:0x610553834224b69b!8m2!3d43.6459466!4d-79.419662!9m1!1b1!16s%2Fg%2F11b5pjtcmm?authuser=0&hl=en&entry=ttu",Mamakas Taverna,43.6459,-79.4197,Positive,Positive,Neutral,0
Greek,"https://www.google.com/maps/place/Mr.+Greek/@43.640537,-79.3912629,17z/data=!4m8!3m7!1s0x882b34d7fdd928bb:0x66dd2ba41f53b23c!8m2!3d43.640537!4d-79.3912629!9m1!1b1!16s%2Fg%2F11c54c3rmr?authuser=0&hl=en&entry=ttu",Mr. Greek,43.6405,-79.3913,Positive,Positive,Neutral,1
Greek,"https://www.google.com/maps/place/Mr.+Souvlaki/@43.658808,-79.390989,17z/data=!3m1!5s0x882b34c8b5d356d3:0x75410a20ba59cdb0!4m8!3m7!1s0x882b34c807086227:0xeaf23160abab98b!8m2!3d43.658808!4d-79.390989!9m1!1b1!16s%2Fg%2F11b5pjh__z?authuser=0&hl=en&entry=ttu",Mr. Souvlaki,43.6588,-79.391,Negative,Neutral,Positive,1
Greek,"https://www.google.com/maps/place/Oh+My+Gyro/@43.6501369,-79.3909773,17z/data=!4m8!3m7!1s0x882b34cffc96aaab:0x440847709de474ae!8m2!3d43.6501369!4d-79.3909773!9m1!1b1!16s%2Fg%2F11fxd_bn0h?authuser=0&hl=en&entry=ttu",Oh My Gyro,43.6501,-79.391,Negative,Positive,Negative,1
Greek,"https://www.google.com/maps/place/Hector's+Taverna/@43.6565986,-79.4030219,17z/data=!4m8!3m7!1s0x882b351f44c8f677:0x169d3f2739c9fff!8m2!3d43.6565986!4d-79.4030219!9m1!1b1!16s%2Fg%2F11v5x7njd6?authuser=0&hl=en&entry=ttu",Hector's Taverna,43.6566,-79.403,Positive,Positive,Neutral,0
Carribean,"https://www.google.com/maps/place/Chubby's+Jamaican+Kitchen/@43.6453093,-79.4006543,17z/data=!4m8!3m7!1s0x882b34de6592cc43:0x8c64c2d1d7abf541!8m2!3d43.6453093!4d-79.4006543!9m1!1b1!16s%2Fg%2F11fy54n6hy?authuser=0&hl=en&entry=ttu",Chubby's Jamaican Kitchen,43.6453,-79.4007,Positive,Positive,Positive,0
Carribean,"https://www.google.com/maps/place/Miss+Likklemore's/@43.6451196,-79.3953495,17z/data=!4m8!3m7!1s0x882b353020a4dcaf:0x9b5bf36d6480539c!8m2!3d43.6451196!4d-79.3953495!9m1!1b1!16s%2Fg%2F11kh7363cn?authuser=0&hl=en&entry=ttu",Miss Likklemore's,43.6451,-79.3953,Positive,Positive,Positive,2
Carribean,"https://www.google.com/maps/place/Tasty's+Caribbean+Cuisine/@43.6567884,-79.3992607,17z/data=!4m8!3m7!1s0x882b34ca97aecf73:0xebef87cb82279d40!8m2!3d43.6567884!4d-79.3992607!9m1!1b1!16s%2Fg%2F1tcxq98p?authuser=0&hl=en&entry=ttu",Tasty's Caribbean Cuisine,43.6568,-79.3993,Positive,Positive,Positive,2
Carribean,"https://www.google.com/maps/place/Wat+Ah+Jerk+Caribbean+Grill/@43.65048,-79.3773704,17z/data=!3m1!5s0x89d4cb2ce217a59b:0xe7eb1874c116f16a!4m8!3m7!1s0x89d4cb0f78c0171b:0x2d56b0cdbbfe820f!8m2!3d43.65048!4d-79.3773704!9m1!1b1!16s%2Fg%2F11r_k5hwmv?authuser=0&hl=en&entry=ttu",Wat Ah Jerk Caribbean Grill,43.6505,-79.3774,Positive,Positive,Negative,0
Carribean,"https://www.google.com/maps/place/The+Diner's+Corner/@43.6673883,-79.3857367,17z/data=!3m1!5s0x882b34b22730c8c7:0xbf118063768938bb!4m8!3m7!1s0x882b34b189534827:0xaa00e58a7023c11d!8m2!3d43.6673883!4d-79.3857367!9m1!1b1!16s%2Fg%2F11c329kkbh?authuser=0&hl=en&entry=ttu",The Diner's Corner,43.6674,-79.3857,Positive,Positive,Neutral,0
Carribean,"https://www.google.com/maps/place/The+Jerk+Spot/@43.6549078,-79.3995203,17z/data=!4m8!3m7!1s0x882b34daf4f64ae3:0x418971df618b6dd8!8m2!3d43.6549078!4d-79.3995203!9m1!1b1!16s%2Fg%2F1tvq4rqg?authuser=0&hl=en&entry=ttu",The Jerk Spot,43.6549,-79.3995,Positive,Positive,Positive,3
Carribean,"https://www.google.com/maps/place/Randy's+Roti+and+Doubles/@43.6725167,-79.3878975,17z/data=!4m8!3m7!1s0x882b34aec475c29b:0x5407dc66beb5221b!8m2!3d43.6725167!4d-79.3878975!9m1!1b1!16s%2Fg%2F11gcs44zvl?authuser=0&hl=en&entry=ttu",Randy's Roti and Doubles,43.6725,-79.3879,Positive,Positive,Neutral,1
Carribean,"https://www.google.com/maps/place/Umi's+Kitchen:+Halal+Caribbean+food/@43.6587276,-79.3697293,17z/data=!4m8!3m7!1s0x89d4cb4872bf2a43:0xf207f8cdd430909d!8m2!3d43.6587276!4d-79.3697293!9m1!1b1!16s%2Fg%2F11c4b4p3jc?authuser=0&hl=en&entry=ttu",Umi's Kitchen: Halal Caribbean food,43.6587,-79.3697,Positive,Positive,Neutral,1
Carribean,"https://www.google.com/maps/place/Rasta+Pasta/@43.6543027,-79.4004204,17z/data=!4m8!3m7!1s0x882b34c2494fda91:0xbe4f88db276d22ad!8m2!3d43.6543027!4d-79.4004204!9m1!1b1!16s%2Fg%2F1pyqf9z1s?authuser=0&hl=en&entry=ttu",Rasta Pasta,43.6543,-79.4004,Positive,Positive,Neutral,0
Carribean,"https://google.com/maps/place/Patties+Express/@43.6537166,-79.380338,17z/data=!4m8!3m7!1s0x882b34ca964e2e6f:0x27707da08db74213!8m2!3d43.6537166!4d-79.380338!9m1!1b1!16s%2Fg%2F1q5bwr253?authuser=0&hl=en&entry=ttu",Patties Express,43.6537,-79.3803,Positive,Positive,Negative,1
Middle Eastern,"https://www.google.com/maps/place/Amal+Toronto/@43.6687208,-79.3923792,17z/data=!3m1!5s0x882b34b766982d53:0xba06931e84ae9174!4m8!3m7!1s0x882b353f27576a19:0x9540400d97353588!8m2!3d43.6687208!4d-79.3923792!9m1!1b1!16s%2Fg%2F11fsqw_7mc?authuser=0&hl=en&entry=ttu",Amal Toronto,43.6687,-79.3924,Positive,Positive,Positive,1
Middle Eastern,"https://www.google.com/maps/place/Byblos+Downtown/@43.6474863,-79.3881964,17z/data=!4m8!3m7!1s0x882b34d1a971ae9d:0x825d990e87396563!8m2!3d43.6474863!4d-79.3881964!9m1!1b1!16s%2Fg%2F1pzv81kg_?authuser=0&hl=en&entry=ttu",Byblos Downtown,43.6475,-79.3882,Positive,Positive,Positive,1
Middle Eastern,"https://www.google.com/maps/place/Azkadenya+Restaurant+Queen+St.+W./@43.650359,-79.3883525,17z/data=!3m1!5s0x882b34ce2e2e5721:0x711cadac3b7e0a8b!4m8!3m7!1s0x882b351f6228f587:0x601c7b2dc84b4!8m2!3d43.650359!4d-79.3883525!9m1!1b1!16s%2Fg%2F11hzk5vw5d?authuser=0&hl=en&entry=ttu",Azkadenya Restaurant Queen St. W.,43.6504,-79.3884,Positive,Positive,Positive,1
Middle Eastern,"https://www.google.com/maps/place/Souk+Tabule/@43.6538167,-79.3544417,17z/data=!4m8!3m7!1s0x89d4cb14f68984bf:0xd15012c14456d7fb!8m2!3d43.6538167!4d-79.3544417!9m1!1b1!16s%2Fg%2F11c1ql_tpg?authuser=0&hl=en&entry=ttu",Souk Tabule,43.6538,-79.3544,Positive,Positive,Positive,0
Middle Eastern,"https://www.google.com/maps/place/Paramount+Middle+Eastern+Kitchen/@43.655068,-79.380018,17z/data=!3m1!5s0x89d4cb34cbce5f53:0x640153c7b6e1d951!4m8!3m7!1s0x882b33234bf15f4d:0x44134304ce39180!8m2!3d43.655068!4d-79.380018!9m1!1b1!16s%2Fg%2F1tcvk29w?authuser=0&hl=en&entry=ttu",Paramount Middle Eastern Kitchen,43.6551,-79.38,Positive,Positive,Positive,1
Middle Eastern,"https://www.google.com/maps/place/Anoush+Middle+Eastern+Cuisine/@43.6437656,-79.3912432,17z/data=!4m8!3m7!1s0x882b34d77b438f73:0x51122efd150d8c58!8m2!3d43.6437656!4d-79.3912432!9m1!1b1!16s%2Fg%2F1tht224l?authuser=0&hl=en&entry=ttu",Anoush Middle Eastern Cuisine,43.6438,-79.3912,Positive,Positive,Negative,0
Middle Eastern,"https://www.google.com/maps/place/Pita+Way/@43.6614153,-79.3806632,17z/data=!4m8!3m7!1s0x882b34b4cd022553:0x57c474a255fb6bf8!8m2!3d43.6614153!4d-79.3806632!9m1!1b1!16s%2Fg%2F1tgn5c7q?authuser=0&hl=en&entry=ttu",Pita Way,43.6614,-79.3807,Positive,Positive,Negative,0
Middle Eastern,"https://www.google.com/maps/place/Anoush+Middle+Eastern+Cuisine/@43.6598343,-79.3881786,17z/data=!4m8!3m7!1s0x882b34b632b77689:0x998c5a7e1b344b80!8m2!3d43.6598343!4d-79.3881786!9m1!1b1!16s%2Fg%2F1tmk93mq?authuser=0&hl=en&entry=ttu",Anoush Middle Eastern Cuisine,43.6598,-79.3882,Positive,Positive,Negative,0
Middle Eastern,"https://www.google.com/maps/place/Chef+Harwash/@43.6518217,-79.4045279,17z/data=!4m8!3m7!1s0x882b350f8822a65d:0x4566e4293b36178!8m2!3d43.6518217!4d-79.4045279!9m1!1b1!16s%2Fg%2F11j0bdflw4?authuser=0&hl=en&entry=ttu",Chef Harwash,43.6518,-79.4045,Positive,Positive,Positive,0
Middle Eastern,"https://www.google.com/maps/place/Nile+River+Restaurant+Toronto/@43.6552834,-79.414129,17z/data=!4m8!3m7!1s0x882b35ccbd9aa5cf:0xf69923f7187684aa!8m2!3d43.6552834!4d-79.414129!9m1!1b1!16s%2Fg%2F11qptbkpwf?authuser=0&hl=en&entry=ttu",Nile River Restaurant Toronto,43.6553,-79.4141,Positive,Positive,Positive,0
